Name,Department,Group Name,Job Title,Learning Item Name,Course ID,Type,Enrollment type,Start Date,Unenrollment Date,Completion Date,Due Date,Status,Recommended Duration,Time Spent,Progress (%),Overdue,In the learning track,Modules completed (%),Awarded Score (%),Passing Score (%),Training type,Session title,Session start date,Session end date,Duration,Instructor,Organizer,Session access date,Confirmation status,Session attendance,Participation time in online meeting,Enrollment method,Enrollment Status
Alan Malcolm,D&W Land Operations,Drilling Land,Drilling Engineer 3,Drilling Fluids Theory,,Technical,Administrator,45364,,,45394,Overdue,0.833333333,0.594034133,54,1,Drilling Engineer,54,,80,Self Paced,,,,,,,,,,,,1
Alan Malcolm,D&W Land Operations,Drilling Land,Drilling Engineer 3,Drilling Fluids Practical,,Mandatory,Administrator,45237,,,45267,Overdue,0.666666667,0.511293048,40,1,Drilling Engineer,40,,80,Workshop,,,,,,,,,,,,1
Alan Malcolm,D&W Land Operations,Drilling Land,Drilling Engineer 3,Fire Safety Practice,,Professional,Administrator,45240,,45241,45270,Passed,0.833333333,0.624592223,100,0,Drilling Engineer,100,82,80,Workshop,,,,,,,,,,,,1
Alan Malcolm,D&W Land Operations,Drilling Land,Drilling Engineer 3,Fire Safety Theory,,Mandatory,Administrator,45045,,45059,45075,Passed,0.083333333,0.060406608,100,0,Drilling Engineer,100,99,80,Self Paced,,,,,,,,,,,,1
Alan Malcolm,D&W Land Operations,Drilling Land,Drilling Engineer 3,Train the Trainer Theory,,Professional,Administrator,45086,,45115,45146,Review,0.625,0.613112829,100,0,Drilling Engineer,100,76,80,Self Paced,,,,,,,,,,,,1
Alan Malcolm,D&W Land Operations,Drilling Land,Drilling Engineer 3,Train the Trainer Practical,,Technical,Administrator,45197,,,45257,Overdue,0.666666667,0.471186649,98,1,Drilling Engineer,98,,80,Workshop,,,,,,,,,,,,1
Alan Malcolm,D&W Land Operations,Drilling Land,Drilling Engineer 3,Personal Protective Equipment,,Mandatory,Administrator,45651,,,45681,Overdue,0.083333333,0,0,1,Drilling Engineer,0,,80,Self Paced,,,,,,,,,,,,1
Alan Malcolm,D&W Land Operations,Drilling Land,Drilling Engineer 3,Coordinating a Training Program,,Professional,Administrator,45273,,45300,45303,Review,0.166666667,0.153881829,100,0,Drilling Engineer,100,61,80,Self Paced,,,,,,,,,,,,1
Alan Malcolm,D&W Land Operations,Drilling Land,Drilling Engineer 3,Intro to Petroleum Geology,,Professional,Administrator,45295,,45342,45385,Passed,0.666666667,0.569616739,100,0,Drilling Engineer,100,89,80,Self Paced,,,,,,,,,,,,1
Alan Malcolm,D&W Land Operations,Drilling Land,Drilling Engineer 3,Hole Enlargement Theory,,Mandatory,Administrator,45431,,,45521,Overdue,0.833333333,0,0,1,Drilling Engineer,0,,80,Self Paced,,,,,,,,,,,,1
Alan Malcolm,D&W Land Operations,Drilling Land,Drilling Engineer 3,Hole Enlargement Practical,,Professional,Administrator,45307,,,45397,Overdue,0.666666667,0.646105213,93,1,Drilling Engineer,93,,80,OTJ Experience,,,,,,,,,,,,1
Alan Malcolm,D&W Land Operations,Drilling Land,Drilling Engineer 3,Centrifugal Pumps Theory,,Technical,Administrator,45046,,45096,45106,Passed,0.666666667,0.62742718,100,0,Drilling Engineer,100,96,80,Self Paced,,,,,,,,,,,,1
Alan Malcolm,D&W Land Operations,Drilling Land,Drilling Engineer 3,Centrifugal Pumps Practical,,Mandatory,Administrator,45262,,,45322,Overdue,0.666666667,0.593494551,58,1,Drilling Engineer,58,,80,OTJ Experience,,,,,,,,,,,,1
Alan Malcolm,D&W Land Operations,Drilling Land,Drilling Engineer 3,Whipstock Practices,,Professional,Administrator,45297,,45307,45357,Passed,0.666666667,0.460906947,100,0,Drilling Engineer,100,100,80,OTJ Experience,,,,,,,,,,,,1
Alan Malcolm,D&W Land Operations,Drilling Land,Drilling Engineer 3,Whipstock Theory,,Technical,Administrator,45463,,,45523,Overdue,0.666666667,0,0,1,Drilling Engineer,0,,80,Self Paced,,,,,,,,,,,,1
Alex Sovereign,Fishing & Abandonment,Fishing,Drilling Engineer 4,Drilling Fluids Theory,,Technical,Administrator,44931,,,44961,Overdue,0.833333333,0.615596949,53,1,Fishing & Abandonment Specialist,53,,80,Self Paced,,,,,,,,,,,,1
Alex Sovereign,Fishing & Abandonment,Fishing,Drilling Engineer 4,Drilling Fluids Practical,,Technical,Administrator,45643,,,45673,Overdue,0.666666667,0,0,1,Fishing & Abandonment Specialist,0,,80,Workshop,,,,,,,,,,,,1
Alex Sovereign,Fishing & Abandonment,Fishing,Drilling Engineer 4,Fire Safety Practice,,Technical,Administrator,45481,,,45511,Overdue,0.833333333,0,0,1,Fishing & Abandonment Specialist,0,,80,Workshop,,,,,,,,,,,,1
Alex Sovereign,Fishing & Abandonment,Fishing,Drilling Engineer 4,Fire Safety Theory,,Professional,Administrator,45356,,45362,45386,Passed,0.083333333,0.065356556,100,0,Fishing & Abandonment Specialist,100,98,80,Self Paced,,,,,,,,,,,,1
Alex Sovereign,Fishing & Abandonment,Fishing,Drilling Engineer 4,Train the Trainer Theory,,Technical,Administrator,45114,,,45174,Overdue,0.625,0.468139158,85,1,Fishing & Abandonment Specialist,85,,80,Self Paced,,,,,,,,,,,,1
Alex Sovereign,Fishing & Abandonment,Fishing,Drilling Engineer 4,Train the Trainer Practical,,Mandatory,Administrator,45222,,,45282,Overdue,0.666666667,0.408484259,47,1,Fishing & Abandonment Specialist,47,,80,Workshop,,,,,,,,,,,,1
Alex Sovereign,Fishing & Abandonment,Fishing,Drilling Engineer 4,Personal Protective Equipment,,Technical,Administrator,45579,,,45609,Overdue,0.083333333,0,0,1,Fishing & Abandonment Specialist,0,,80,Self Paced,,,,,,,,,,,,1
Alex Sovereign,Fishing & Abandonment,Fishing,Drilling Engineer 4,Coordinating a Training Program,,Technical,Administrator,45313,,45332,45343,Passed,0.166666667,0.124661616,100,0,Fishing & Abandonment Specialist,100,89,80,Self Paced,,,,,,,,,,,,1
Alex Sovereign,Fishing & Abandonment,Fishing,Drilling Engineer 4,Intro to Petroleum Geology,,Technical,Administrator,45331,,,45421,Overdue,0.666666667,0.635214699,81,1,Fishing & Abandonment Specialist,81,,80,Self Paced,,,,,,,,,,,,1
Alex Sovereign,Fishing & Abandonment,Fishing,Drilling Engineer 4,Hole Enlargement Theory,,Professional,Administrator,45513,,,45603,Overdue,0.833333333,0,0,1,Fishing & Abandonment Specialist,0,,80,Self Paced,,,,,,,,,,,,1
Alex Sovereign,Fishing & Abandonment,Fishing,Drilling Engineer 4,Hole Enlargement Practical,,Technical,Administrator,45497,,,45587,Overdue,0.666666667,0,0,1,Fishing & Abandonment Specialist,0,,80,OTJ Experience,,,,,,,,,,,,1
Alex Sovereign,Fishing & Abandonment,Fishing,Drilling Engineer 4,Centrifugal Pumps Theory,,Technical,Administrator,45558,,,45618,Overdue,0.666666667,0,0,1,Fishing & Abandonment Specialist,0,,80,Self Paced,,,,,,,,,,,,1
Alex Sovereign,Fishing & Abandonment,Fishing,Drilling Engineer 4,Centrifugal Pumps Practical,,Mandatory,Administrator,45292,,,45352,Overdue,0.666666667,0.491166699,54,1,Fishing & Abandonment Specialist,54,,80,OTJ Experience,,,,,,,,,,,,1
Alex Sovereign,Fishing & Abandonment,Fishing,Drilling Engineer 4,Whipstock Practices,,Professional,Administrator,45603,,,45663,Overdue,0.666666667,0,0,1,Fishing & Abandonment Specialist,0,,80,OTJ Experience,,,,,,,,,,,,1
Alex Sovereign,Fishing & Abandonment,Fishing,Drilling Engineer 4,Whipstock Theory,,Professional,Administrator,45056,,,45116,Overdue,0.666666667,0.476102085,83,1,Fishing & Abandonment Specialist,83,,80,Self Paced,,,,,,,,,,,,1
Ariana Cole,D&W Land Operations,Workover Land,Drilling Engineer 1,Drilling Fluids Theory,,Professional,Administrator,45379,,,45409,Overdue,0.833333333,0.719323184,59,1,Workover Specialist,59,,80,Self Paced,,,,,,,,,,,,1
Ariana Cole,D&W Land Operations,Workover Land,Drilling Engineer 1,Drilling Fluids Practical,,Professional,Administrator,45436,,,45466,Overdue,0.666666667,0,0,1,Workover Specialist,0,,80,Workshop,,,,,,,,,,,,1
Ariana Cole,D&W Land Operations,Workover Land,Drilling Engineer 1,Fire Safety Practice,,Professional,Administrator,45215,,45234,45245,Passed,0.833333333,0.518774133,100,0,Workover Specialist,100,87,80,Workshop,,,,,,,,,,,,1
Ariana Cole,D&W Land Operations,Workover Land,Drilling Engineer 1,Fire Safety Theory,,Professional,Administrator,45158,,,45188,Overdue,0.083333333,0.05358301,72,1,Workover Specialist,72,,80,Self Paced,,,,,,,,,,,,1
Ariana Cole,D&W Land Operations,Workover Land,Drilling Engineer 1,Train the Trainer Theory,,Professional,Administrator,44961,,44974,45021,Passed,0.625,0.548349028,100,0,Workover Specialist,100,94,80,Self Paced,,,,,,,,,,,,1
Ariana Cole,D&W Land Operations,Workover Land,Drilling Engineer 1,Train the Trainer Practical,,Professional,Administrator,45584,,,45644,Overdue,0.666666667,0,0,1,Workover Specialist,0,,80,Workshop,,,,,,,,,,,,1
Ariana Cole,D&W Land Operations,Workover Land,Drilling Engineer 1,Personal Protective Equipment,,Professional,Administrator,45299,,45323,45329,Passed,0.083333333,0.055373574,100,0,Workover Specialist,100,88,80,Self Paced,,,,,,,,,,,,1
Ariana Cole,D&W Land Operations,Workover Land,Drilling Engineer 1,Coordinating a Training Program,,Professional,Administrator,45487,,,45517,Overdue,0.166666667,0,0,1,Workover Specialist,0,,80,Self Paced,,,,,,,,,,,,1
Ariana Cole,D&W Land Operations,Workover Land,Drilling Engineer 1,Intro to Petroleum Geology,,Professional,Administrator,45010,,45030,45100,Passed,0.666666667,0.555574193,100,0,Workover Specialist,100,86,80,Self Paced,,,,,,,,,,,,1
Ariana Cole,D&W Land Operations,Workover Land,Drilling Engineer 1,Hole Enlargement Theory,,Professional,Administrator,45649,,,45739,Overdue,0.833333333,0,0,1,Workover Specialist,0,,80,Self Paced,,,,,,,,,,,,1
Ariana Cole,D&W Land Operations,Workover Land,Drilling Engineer 1,Hole Enlargement Practical,,Professional,Administrator,45653,,,45743,Overdue,0.666666667,0,0,1,Workover Specialist,0,,80,OTJ Experience,,,,,,,,,,,,1
Ariana Cole,D&W Land Operations,Workover Land,Drilling Engineer 1,Centrifugal Pumps Theory,,Technical,Administrator,45122,,45158,45182,Passed,0.666666667,0.507772948,100,0,Workover Specialist,100,84,80,Self Paced,,,,,,,,,,,,1
Ariana Cole,D&W Land Operations,Workover Land,Drilling Engineer 1,Centrifugal Pumps Practical,,Technical,Administrator,45484,,,45544,Overdue,0.666666667,0,0,1,Workover Specialist,0,,80,OTJ Experience,,,,,,,,,,,,1
Ariana Cole,D&W Land Operations,Workover Land,Drilling Engineer 1,Whipstock Practices,,Technical,Administrator,45349,,,45409,Overdue,0.666666667,0.642223587,40,1,Workover Specialist,40,,80,OTJ Experience,,,,,,,,,,,,1
Ariana Cole,D&W Land Operations,Workover Land,Drilling Engineer 1,Whipstock Theory,,Technical,Administrator,45461,,,45521,Overdue,0.666666667,0,0,1,Workover Specialist,0,,80,Self Paced,,,,,,,,,,,,1
Asyl Philip,Wellbore Departure ,Whipstocks,Drilling Engineer 4,Fire Safety Theory,,Technical,Administrator,45302,,45306,45332,Passed,0.083333333,0.067466268,100,0,Whipstock Specialist,100,85,80,Self Paced,,,,,,,,,,,,1
Asyl Philip,Wellbore Departure ,Whipstocks,Drilling Engineer 4,Train the Trainer Theory,,Technical,Administrator,45053,,45075,45113,Passed,0.625,0.450563728,100,0,Whipstock Specialist,100,88,80,Self Paced,,,,,,,,,,,,1
Asyl Philip,Wellbore Departure ,Whipstocks,Drilling Engineer 4,Train the Trainer Practical,,Technical,Administrator,45633,,,45693,Overdue,0.666666667,0,0,1,Whipstock Specialist,0,,80,Workshop,,,,,,,,,,,,1
Asyl Philip,Wellbore Departure ,Whipstocks,Drilling Engineer 4,Personal Protective Equipment,,Technical,Administrator,45239,,45245,45269,Passed,0.083333333,0.07334779,100,0,Whipstock Specialist,100,100,80,Self Paced,,,,,,,,,,,,1
Asyl Philip,Wellbore Departure ,Whipstocks,Drilling Engineer 4,Coordinating a Training Program,,Technical,Administrator,45242,,45261,45272,Passed,0.166666667,0.145212908,100,0,Whipstock Specialist,100,85,80,Self Paced,,,,,,,,,,,,1
Asyl Philip,Wellbore Departure ,Whipstocks,Drilling Engineer 4,Intro to Petroleum Geology,,Technical,Administrator,45389,,45427,45479,Passed,0.666666667,0.498012416,100,0,Whipstock Specialist,100,88,80,Self Paced,,,,,,,,,,,,1
Asyl Philip,Wellbore Departure ,Whipstocks,Drilling Engineer 4,Hole Enlargement Theory,,Technical,Administrator,45500,,,45590,Overdue,0.833333333,0,0,1,Whipstock Specialist,0,,80,Self Paced,,,,,,,,,,,,1
Asyl Philip,Wellbore Departure ,Whipstocks,Drilling Engineer 4,Hole Enlargement Practical,,Technical,Administrator,45186,,45200,45276,Passed,0.666666667,0.414710971,100,0,Whipstock Specialist,100,88,80,OTJ Experience,,,,,,,,,,,,1
Asyl Philip,Wellbore Departure ,Whipstocks,Drilling Engineer 4,Centrifugal Pumps Theory,,Technical,Administrator,45213,,45219,45273,Check Conditions,0.666666667,0.621351286,100,0,Whipstock Specialist,100,80,80,Self Paced,,,,,,,,,,,,1
Asyl Philip,Wellbore Departure ,Whipstocks,Drilling Engineer 4,Centrifugal Pumps Practical,,Technical,Administrator,45341,,45396,45401,Passed,0.666666667,0.490638584,100,0,Whipstock Specialist,100,93,80,OTJ Experience,,,,,,,,,,,,1
Asyl Philip,Wellbore Departure ,Whipstocks,Drilling Engineer 4,Whipstock Practices,,Technical,Administrator,45273,,45288,45333,Passed,0.666666667,0.455094364,100,0,Whipstock Specialist,100,99,80,OTJ Experience,,,,,,,,,,,,1
Asyl Philip,Wellbore Departure ,Whipstocks,Drilling Engineer 4,Whipstock Theory,,Technical,Administrator,44929,,44947,44989,Passed,0.666666667,0.506063313,100,0,Whipstock Specialist,100,89,80,Self Paced,,,,,,,,,,,,1
Bradley Cooper,Finance,Payroll,Payroll Advisor,Train the Trainer Theory,,Professional,Administrator,45128,,,45188,Overdue,0.625,0.542735967,61,1,Finance Advisor,61,,80,Self Paced,,,,,,,,,,,,1
Bradley Cooper,Finance,Payroll,Payroll Advisor,Train the Trainer Practical,,Professional,Administrator,45227,,45244,45287,Passed,0.666666667,0.578036371,100,0,Finance Advisor,100,98,80,Workshop,,,,,,,,,,,,1
Bradley Cooper,Finance,Payroll,Payroll Advisor,Instructional Design Program,,Professional,Administrator,45183,,45251,45273,Passed,0.833333333,0.763104221,100,0,Finance Advisor,100,88,80,On-Line,,,,,,,,,,,,1
Bradley Cooper,Finance,Payroll,Payroll Advisor,Management Basics,,Professional,Administrator,45180,,,45270,Overdue,0.833333333,0.70811716,88,1,Finance Advisor,88,,80,Workshop,,,,,,,,,,,,1
Bradley Cooper,Finance,Payroll,Payroll Advisor,Project Management Basics,,Technical,Administrator,45338,,45356,45428,Review,0.833333333,0.789300887,100,0,Finance Advisor,100,66,80,Workshop,,,,,,,,,,,,1
Bradley Cooper,Finance,Payroll,Payroll Advisor,Fire Safety Theory,,Mandatory,Administrator,45458,,,45488,Overdue,0.083333333,0,0,1,Finance Advisor,0,,80,Self Paced,,,,,,,,,,,,1
Bradley Cooper,Finance,Payroll,Payroll Advisor,Finance Level 1,,Technical,Administrator,45279,,,45369,Overdue,0.833333333,0.617594431,87,1,Finance Advisor,87,,80,Self Paced,,,,,,,,,,,,1
Bradley Cooper,Finance,Payroll,Payroll Advisor,Finance Level 2,,Technical,Administrator,45019,,45019,45109,Passed,0.833333333,0.753997114,100,0,Finance Advisor,100,97,80,Workshop,,,,,,,,,,,,1
Bradley Cooper,Finance,Payroll,Payroll Advisor,Materials Handling,,Mandatory,Administrator,45424,,,45454,Overdue,0.208333333,0,0,1,Finance Advisor,0,,80,Self Paced,,,,,,,,,,,,1
Bradley Cooper,Finance,Payroll,Payroll Advisor,Personal Protective Equipment,,Mandatory,Administrator,45193,,45196,45223,Passed,0.083333333,0.060151106,100,0,Finance Advisor,100,85,80,Self Paced,,,,,,,,,,,,1
Bradley Cooper,Finance,Payroll,Payroll Advisor,Coordinating a Training Program,,Professional,Administrator,45112,,,45142,Overdue,0.166666667,0.140782621,69,1,Finance Advisor,69,,80,Self Paced,,,,,,,,,,,,1
Bradley Cooper,Finance,Payroll,Payroll Advisor,Intro to Petroleum Geology,,Technical,Administrator,45040,,,45130,Overdue,0.666666667,0.419770116,82,1,Finance Advisor,82,,80,Self Paced,,,,,,,,,,,,1
Bradley Cooper,Finance,Payroll,Payroll Advisor,Project Management Basics,,Professional,Administrator,45248,,45288,45338,Passed,0.833333333,0.822751887,100,0,Finance Advisor,100,86,80,Workshop,,,,,,,,,,,,1
Claire Barnhart,HR,Policy,HR Advisors,Train the Trainer Theory,,Professional,Administrator,45149,,45170,45209,Review,0.625,0.388656315,100,0,HR Administrator,100,73,80,Self Paced,,,,,,,,,,,,1
Claire Barnhart,HR,Policy,HR Advisors,Train the Trainer Practical,,Professional,Administrator,45081,,,45141,Overdue,0.666666667,0.647216762,45,1,HR Administrator,45,,80,Workshop,,,,,,,,,,,,1
Claire Barnhart,HR,Policy,HR Advisors,Instructional Design Program,,Technical,Administrator,45479,,,45569,Overdue,0.833333333,0,0,1,HR Administrator,0,,80,On-Line,,,,,,,,,,,,1
Claire Barnhart,HR,Policy,HR Advisors,Management Basics,,Technical,Administrator,45201,,45225,45291,Passed,0.833333333,0.610314447,100,0,HR Administrator,100,91,80,Workshop,,,,,,,,,,,,1
Claire Barnhart,HR,Policy,HR Advisors,Project Management Basics,,Professional,Administrator,45568,,,45658,Overdue,0.833333333,0,0,1,HR Administrator,0,,80,Workshop,,,,,,,,,,,,1
Claire Barnhart,HR,Policy,HR Advisors,Fire Safety Theory,,Mandatory,Administrator,45072,,45095,45102,Passed,0.083333333,0.063485609,100,0,HR Administrator,100,88,80,Self Paced,,,,,,,,,,,,1
Claire Barnhart,HR,Policy,HR Advisors,Finance Level 1,,Professional,Administrator,45436,,,45526,Overdue,0.833333333,0,0,1,HR Administrator,0,,80,Self Paced,,,,,,,,,,,,1
Claire Barnhart,HR,Policy,HR Advisors,Finance Level 2,,Professional,Administrator,45288,,,45378,Overdue,0.833333333,0.573096858,41,1,HR Administrator,41,,80,Workshop,,,,,,,,,,,,1
Diana Hart,HR,Learning & Development,Counsellor,Train the Trainer Theory,,Professional,Administrator,45204,,,45264,Overdue,0.625,0.434750545,67,1,HR Counsellor,67,,80,Self Paced,,,,,,,,,,,,1
Diana Hart,HR,Learning & Development,Counsellor,Train the Trainer Practical,,Professional,Administrator,45526,,,45586,Overdue,0.666666667,0,0,1,HR Counsellor,0,,80,Workshop,,,,,,,,,,,,1
Diana Hart,HR,Learning & Development,Counsellor,Instructional Design Program,,Professional,Administrator,45228,,45240,45318,Passed,0.833333333,0.652038511,100,0,HR Counsellor,100,94,80,On-Line,,,,,,,,,,,,1
Diana Hart,HR,Learning & Development,Counsellor,Management Basics,,Professional,Administrator,45041,,45090,45131,Passed,0.833333333,0.530303655,100,0,HR Counsellor,100,90,80,Workshop,,,,,,,,,,,,1
Diana Hart,HR,Learning & Development,Counsellor,Project Management Basics,,Professional,Administrator,45297,,,45387,Overdue,0.833333333,0.531983616,96,1,HR Counsellor,96,,80,Workshop,,,,,,,,,,,,1
Diana Hart,HR,Learning & Development,Counsellor,Fire Safety Theory,,Professional,Administrator,45202,,,45232,Overdue,0.083333333,0.071723746,47,1,HR Counsellor,47,,80,Self Paced,,,,,,,,,,,,1
Diana Hart,HR,Learning & Development,Counsellor,Finance Level 1,,Professional,Administrator,44975,,45055,45065,Passed,0.833333333,0.618805951,100,0,HR Counsellor,100,91,80,Self Paced,,,,,,,,,,,,1
Diana Hart,HR,Learning & Development,Counsellor,Finance Level 2,,Professional,Administrator,45588,,,45678,Overdue,0.833333333,0,0,1,HR Counsellor,0,,80,Workshop,,,,,,,,,,,,1
Sean Jones,HR,Learning & Development,Counsellor,Train the Trainer Theory,,Professional,Administrator,45345,,,45405,Overdue,0.625,0.612774749,84,1,HR Counsellor,84,,80,Self Paced,,,,,,,,,,,,1
Sean Jones,HR,Learning & Development,Counsellor,Train the Trainer Practical,,Professional,Administrator,45185,,,45245,Overdue,0.666666667,0.404171609,50,1,HR Counsellor,50,,80,Workshop,,,,,,,,,,,,1
Sean Jones,HR,Learning & Development,Counsellor,Instructional Design Program,,Professional,Administrator,45065,,45068,45155,Review,0.833333333,0.817991079,100,0,HR Counsellor,100,67,80,On-Line,,,,,,,,,,,,1
Sean Jones,HR,Learning & Development,Counsellor,Management Basics,,Professional,Administrator,45388,,45399,45478,Passed,0.833333333,0.776782255,100,0,HR Counsellor,100,89,80,Workshop,,,,,,,,,,,,1
Sean Jones,HR,Learning & Development,Counsellor,Project Management Basics,,Professional,Administrator,44968,,45006,45058,Passed,0.833333333,0.830367682,100,0,HR Counsellor,100,83,80,Workshop,,,,,,,,,,,,1
Sean Jones,HR,Learning & Development,Counsellor,Fire Safety Theory,,Professional,Administrator,45386,,45392,45416,Passed,0.083333333,0.054942725,100,0,HR Counsellor,100,89,80,Self Paced,,,,,,,,,,,,1
John Smith,D&W Land Operations,Drilling Land,Drilling Engineer 3,Drilling Fluids Theory,,Professional,Administrator,45067,,,45097,Overdue,0.833333333,0.692596066,85,1,Drilling Specialist,85,,80,Self Paced,,,,,,,,,,,,1
John Smith,D&W Land Operations,Drilling Land,Drilling Engineer 3,Drilling Fluids Practical,,Professional,Administrator,45374,,45396,45404,Review,0.666666667,0.562397697,100,0,Drilling Specialist,100,75,80,Workshop,,,,,,,,,,,,1
John Smith,D&W Land Operations,Drilling Land,Drilling Engineer 3,Fire Safety Practice,,Professional,Administrator,45194,,,45224,Overdue,0.833333333,0.802394243,65,1,Drilling Specialist,65,,80,Workshop,,,,,,,,,,,,1
John Smith,D&W Land Operations,Drilling Land,Drilling Engineer 3,Fire Safety Theory,,Professional,Administrator,45320,,,45350,Overdue,0.083333333,0.082455883,97,1,Drilling Specialist,97,,80,Self Paced,,,,,,,,,,,,1
John Smith,D&W Land Operations,Drilling Land,Drilling Engineer 3,Train the Trainer Theory,,Professional,Administrator,45155,,,45215,Overdue,0.625,0.451692043,80,1,Drilling Specialist,80,,80,Self Paced,,,,,,,,,,,,1
John Smith,D&W Land Operations,Drilling Land,Drilling Engineer 3,Train the Trainer Practical,,Professional,Administrator,45298,,45316,45358,Review,0.666666667,0.660079789,100,0,Drilling Specialist,100,62,80,Workshop,,,,,,,,,,,,1
Joy Stevens,D&W Offshore Operations,Workover Offshore,Drilling Engineer 3,Personal Protective Equipment,,Mandatory,Administrator,45090,,45109,45120,Review,0.083333333,0.06506196,100,0,Drilling Specialist,100,70,80,Self Paced,,,,,,,,,,,,1
Joy Stevens,D&W Offshore Operations,Workover Offshore,Drilling Engineer 3,Coordinating a Training Program,,Professional,Administrator,45475,,,45505,Overdue,0.166666667,0,0,1,Drilling Specialist,0,,80,Self Paced,,,,,,,,,,,,1
Joy Stevens,D&W Offshore Operations,Workover Offshore,Drilling Engineer 3,Intro to Petroleum Geology,,Professional,Administrator,45049,,45082,45139,Passed,0.666666667,0.491682363,100,0,Drilling Specialist,100,84,80,Self Paced,,,,,,,,,,,,1
Joy Stevens,D&W Offshore Operations,Workover Offshore,Drilling Engineer 3,Hole Enlargement Theory,,Professional,Administrator,45302,,45368,45392,Review,0.833333333,0.648290493,100,0,Drilling Specialist,100,64,80,Self Paced,,,,,,,,,,,,1
Joy Stevens,D&W Offshore Operations,Workover Offshore,Drilling Engineer 3,Hole Enlargement Practical,,Professional,Administrator,45288,,45341,45378,Passed,0.666666667,0.414872595,100,0,Drilling Specialist,100,91,80,OTJ Experience,,,,,,,,,,,,1
Joy Stevens,D&W Offshore Operations,Workover Offshore,Drilling Engineer 3,Centrifugal Pumps Theory,,Professional,Administrator,44976,,44992,45036,Passed,0.666666667,0.483538933,100,0,Drilling Specialist,100,90,80,Self Paced,,,,,,,,,,,,1
Frank Watson,Wellbore Departure ,Hole Enlargement,Drilling Engineer 4,Drilling Fluids Theory,,Technical,Administrator,45399,,,45429,Overdue,0.833333333,0,0,1,Whipstock Specialist,0,,80,Self Paced,,,,,,,,,,,,1
Frank Watson,Wellbore Departure ,Hole Enlargement,Drilling Engineer 4,Drilling Fluids Practical,,Technical,Administrator,45205,,45232,45235,Passed,0.666666667,0.502739508,100,0,Whipstock Specialist,100,90,80,Workshop,,,,,,,,,,,,1
Frank Watson,Wellbore Departure ,Hole Enlargement,Drilling Engineer 4,Fire Safety Practice,,Mandatory,Administrator,45194,,45201,45224,Check Conditions,0.833333333,0.776416688,100,0,Whipstock Specialist,100,80,80,Workshop,,,,,,,,,,,,1
Frank Watson,Wellbore Departure ,Hole Enlargement,Drilling Engineer 4,Fire Safety Theory,,Mandatory,Administrator,45114,,45117,45144,Passed,0.083333333,0.060692536,100,0,Whipstock Specialist,100,83,80,Self Paced,,,,,,,,,,,,1
Frank Watson,Wellbore Departure ,Hole Enlargement,Drilling Engineer 4,Train the Trainer Theory,,Professional,Administrator,45447,,,45507,Overdue,0.625,0,0,1,Whipstock Specialist,0,,80,Self Paced,,,,,,,,,,,,1
Frank Watson,Wellbore Departure ,Hole Enlargement,Drilling Engineer 4,Train the Trainer Practical,,Professional,Administrator,45083,,45114,45143,Passed,0.666666667,0.546979065,100,0,Whipstock Specialist,100,93,80,Workshop,,,,,,,,,,,,1
Frank Watson,Wellbore Departure ,Hole Enlargement,Drilling Engineer 4,Personal Protective Equipment,,Mandatory,Administrator,45563,,,45593,Overdue,0.083333333,0,0,1,Whipstock Specialist,0,,80,Self Paced,,,,,,,,,,,,1
Frank Watson,Wellbore Departure ,Hole Enlargement,Drilling Engineer 4,Coordinating a Training Program,,Professional,Administrator,45367,,45390,45397,Passed,0.166666667,0.149741889,100,0,Whipstock Specialist,100,92,80,Self Paced,,,,,,,,,,,,1
Frank Watson,Wellbore Departure ,Hole Enlargement,Drilling Engineer 4,Intro to Petroleum Geology,,Technical,Administrator,45272,,45341,45362,Passed,0.666666667,0.629070958,100,0,Whipstock Specialist,100,97,80,Self Paced,,,,,,,,,,,,1
Frank Watson,Wellbore Departure ,Hole Enlargement,Drilling Engineer 4,Hole Enlargement Theory,,Professional,Administrator,45066,,45135,45156,Passed,0.833333333,0.627810495,100,0,Whipstock Specialist,100,98,80,Self Paced,,,,,,,,,,,,1
Frank Watson,Wellbore Departure ,Hole Enlargement,Drilling Engineer 4,Hole Enlargement Practical,,Technical,Administrator,45566,,,45656,Overdue,0.666666667,0,0,1,Whipstock Specialist,0,,80,OTJ Experience,,,,,,,,,,,,1
Frank Watson,Wellbore Departure ,Hole Enlargement,Drilling Engineer 4,Centrifugal Pumps Theory,,Technical,Administrator,45311,,,45371,Overdue,0.666666667,0.663410665,71,1,Whipstock Specialist,71,,80,Self Paced,,,,,,,,,,,,1
William Hurt,Fishing & Abandonment,Abandonment,Drilling Engineer 4,Centrifugal Pumps Practical,,Technical,Administrator,45029,,45036,45089,Passed,0.666666667,0.662426269,100,0,Fishing & Abandonment Specialist,100,100,80,OTJ Experience,,,,,,,,,,,,1
William Hurt,Fishing & Abandonment,Abandonment,Drilling Engineer 4,Centrifugal Pumps Theory,,Technical,Administrator,45101,,,45161,Overdue,0.666666667,0.437968349,96,1,Fishing & Abandonment Specialist,96,,80,Self Paced,,,,,,,,,,,,1
William Hurt,Fishing & Abandonment,Abandonment,Drilling Engineer 4,Whipstock Theory,,Technical,Administrator,45550,,,45610,Overdue,0.666666667,0,0,1,Fishing & Abandonment Specialist,0,,80,Self Paced,,,,,,,,,,,,1
William Hurt,Fishing & Abandonment,Abandonment,Drilling Engineer 4,Management Basics,,Professional,Administrator,45043,,45108,45133,Review,0.833333333,0.568833005,100,0,Fishing & Abandonment Specialist,100,76,80,Workshop,,,,,,,,,,,,1
William Hurt,Fishing & Abandonment,Abandonment,Drilling Engineer 4,Intro to Hydraulics,,Technical,Administrator,45503,,,45533,Overdue,0.416666667,0,0,1,Fishing & Abandonment Specialist,0,,80,Self Paced,,,,,,,,,,,,1
William Hurt,Fishing & Abandonment,Abandonment,Drilling Engineer 4,Intro to Petroleum Geology,,Technical,Administrator,44941,,,45031,Overdue,0.666666667,0.657157539,57,1,Fishing & Abandonment Specialist,57,,80,Self Paced,,,,,,,,,,,,1
William Hurt,Fishing & Abandonment,Abandonment,Drilling Engineer 4,Whipstock Practices,,Technical,Administrator,45205,,45239,45265,Not Enrolled,0.666666667,0.593527167,100,0,Fishing & Abandonment Specialist,100,89,80,OTJ Experience,,,,,,,,,,,,0
Jack Jones,D&W Land Operations,Drilling Land,Drilling Engineer 3,Drilling Fluids Theory,,Technical,Administrator,44927,,,44957,Overdue,0.833333333,0.733763262,97,1,Drilling Operations,97,,80,Self Paced,,,,,,,,,,,,1
Jack Jones,D&W Land Operations,Drilling Land,Drilling Engineer 3,Drilling Fluids Practical,,Mandatory,Administrator,44958,,44976,44988,Review,0.666666667,0.417170835,100,0,Drilling Operations,100,79,80,Workshop,,,,,,,,,,,,1
Jack Jones,D&W Land Operations,Drilling Land,Drilling Engineer 3,Fire Safety Practice,,Professional,Administrator,44986,,,45016,Overdue,0.833333333,0.672829912,43,1,Drilling Operations,43,,80,Workshop,,,,,,,,,,,,1
Jack Jones,D&W Land Operations,Drilling Land,Drilling Engineer 3,Fire Safety Theory,,Mandatory,Administrator,45108,,45130,45138,Passed,0.083333333,0.050081461,100,0,Drilling Operations,100,100,80,Self Paced,,,,,,,,,,,,1
Jack Jones,D&W Land Operations,Drilling Land,Drilling Engineer 3,Train the Trainer Theory,,Professional,Administrator,45047,,,45107,Overdue,0.625,0.581127941,66,1,Drilling Operations,66,,80,Self Paced,,,,,,,,,,,,1
Jack Jones,D&W Land Operations,Drilling Land,Drilling Engineer 3,Train the Trainer Practical,,Technical,Administrator,44927,,44985,44987,Passed,0.666666667,0.585530236,100,0,Drilling Operations,100,93,80,Workshop,,,,,,,,,,,,1
Jack Jones,D&W Land Operations,Drilling Land,Drilling Engineer 3,Personal Protective Equipment,,Mandatory,Administrator,44958,,,44988,Overdue,0.083333333,0.054632792,61,1,Drilling Operations,61,,80,Self Paced,,,,,,,,,,,,1
Jack Jones,D&W Land Operations,Drilling Land,Drilling Engineer 3,Coordinating a Training Program,,Professional,Administrator,44986,,,45016,Overdue,0.166666667,0.142807637,98,1,Drilling Operations,98,,80,Self Paced,,,,,,,,,,,,1
Jack Jones,D&W Land Operations,Drilling Land,Drilling Engineer 3,Intro to Petroleum Geology,,Professional,Administrator,44986,,45006,45076,Passed,0.666666667,0.613004207,100,0,Drilling Operations,100,90,80,Self Paced,,,,,,,,,,,,1
Jack Jones,D&W Land Operations,Drilling Land,Drilling Engineer 3,Hole Enlargement Theory,,Mandatory,Administrator,45474,,,45564,Overdue,0.833333333,0,0,1,Drilling Operations,0,,80,Self Paced,,,,,,,,,,,,1
Jack Jones,D&W Land Operations,Drilling Land,Drilling Engineer 3,Hole Enlargement Practical,,Professional,Administrator,45413,,,45503,Overdue,0.666666667,0,0,1,Drilling Operations,0,,80,OTJ Experience,,,,,,,,,,,,1
Jack Jones,D&W Land Operations,Drilling Land,Drilling Engineer 3,Centrifugal Pumps Theory,,Technical,Administrator,45414,,,45474,Overdue,0.666666667,0,0,1,Drilling Operations,0,,80,Self Paced,,,,,,,,,,,,1
Jack Jones,D&W Land Operations,Drilling Land,Drilling Engineer 3,Centrifugal Pumps Practical,,Mandatory,Administrator,45474,,,45534,Overdue,0.666666667,0,0,1,Drilling Operations,0,,80,OTJ Experience,,,,,,,,,,,,1
Jack Jones,D&W Land Operations,Drilling Land,Drilling Engineer 3,Whipstock Practices,,Professional,Administrator,45413,,,45473,Overdue,0.666666667,0,0,1,Drilling Operations,0,,80,OTJ Experience,,,,,,,,,,,,1
Jack Jones,D&W Land Operations,Drilling Land,Drilling Engineer 3,Whipstock Theory,,Technical,Administrator,45414,,,45474,Overdue,0.666666667,0,0,1,Drilling Operations,0,,80,Self Paced,,,,,,,,,,,,1
Jen Philips,Fishing & Abandonment,Fishing,Drilling Engineer 4,Drilling Fluids Theory,,Technical,Administrator,44986,,45001,45016,Review,0.833333333,0.741347011,100,0,Fishing Specialist,100,75,80,Self Paced,,,,,,,,,,,,1
Jen Philips,Fishing & Abandonment,Fishing,Drilling Engineer 4,Drilling Fluids Practical,,Technical,Administrator,45017,,45047,45047,Passed,0.666666667,0.554684281,100,0,Fishing Specialist,100,86,80,Workshop,,,,,,,,,,,,1
Jen Philips,Fishing & Abandonment,Fishing,Drilling Engineer 4,Fire Safety Practice,,Technical,Administrator,45047,,45071,45077,Passed,0.833333333,0.689665224,100,0,Fishing Specialist,100,90,80,Workshop,,,,,,,,,,,,1
Jen Philips,Fishing & Abandonment,Fishing,Drilling Engineer 4,Fire Safety Theory,,Professional,Administrator,45078,,45103,45108,Passed,0.083333333,0.058197756,100,0,Fishing Specialist,100,90,80,Self Paced,,,,,,,,,,,,1
Jen Philips,Fishing & Abandonment,Fishing,Drilling Engineer 4,Train the Trainer Theory,,Technical,Administrator,45108,,,45168,Overdue,0.625,0.442100155,47,1,Fishing Specialist,47,,80,Self Paced,,,,,,,,,,,,1
Jen Philips,Fishing & Abandonment,Fishing,Drilling Engineer 4,Train the Trainer Practical,,Mandatory,Administrator,45078,,45110,45138,Review,0.666666667,0.477758255,100,0,Fishing Specialist,100,79,80,Workshop,,,,,,,,,,,,1
Jen Philips,Fishing & Abandonment,Fishing,Drilling Engineer 4,Personal Protective Equipment,,Technical,Administrator,44986,,45013,45016,Passed,0.083333333,0.08101996,100,0,Fishing Specialist,100,85,80,Self Paced,,,,,,,,,,,,1
Jen Philips,Fishing & Abandonment,Fishing,Drilling Engineer 4,Coordinating a Training Program,,Technical,Administrator,45017,,,45047,Overdue,0.166666667,0.107581786,61,1,Fishing Specialist,61,,80,Self Paced,,,,,,,,,,,,1
Jen Philips,Fishing & Abandonment,Fishing,Drilling Engineer 4,Intro to Petroleum Geology,,Technical,Administrator,45047,,,45137,Overdue,0.666666667,0.574275677,57,1,Fishing Specialist,57,,80,Self Paced,,,,,,,,,,,,1
Jen Philips,Fishing & Abandonment,Fishing,Drilling Engineer 4,Hole Enlargement Theory,,Professional,Administrator,45078,,,45168,Overdue,0.833333333,0.788490562,71,1,Fishing Specialist,71,,80,Self Paced,,,,,,,,,,,,1
Jen Philips,Fishing & Abandonment,Fishing,Drilling Engineer 4,Hole Enlargement Practical,,Technical,Administrator,45108,,45154,45198,Passed,0.666666667,0.562524669,100,0,Fishing Specialist,100,100,80,OTJ Experience,,,,,,,,,,,,1
Jen Philips,Fishing & Abandonment,Fishing,Drilling Engineer 4,Centrifugal Pumps Theory,,Technical,Administrator,45444,,,45504,Overdue,0.666666667,0,0,1,Fishing Specialist,0,,80,Self Paced,,,,,,,,,,,,1
Jen Philips,Fishing & Abandonment,Fishing,Drilling Engineer 4,Centrifugal Pumps Practical,,Mandatory,Administrator,45445,,,45505,Overdue,0.666666667,0,0,1,Fishing Specialist,0,,80,OTJ Experience,,,,,,,,,,,,1
Jen Philips,Fishing & Abandonment,Fishing,Drilling Engineer 4,Whipstock Practices,,Professional,Administrator,45446,,,45506,Overdue,0.666666667,0,0,1,Fishing Specialist,0,,80,OTJ Experience,,,,,,,,,,,,1
Jen Philips,Fishing & Abandonment,Fishing,Drilling Engineer 4,Whipstock Theory,,Professional,Administrator,45447,,,45507,Overdue,0.666666667,0,0,1,Fishing Specialist,0,,80,Self Paced,,,,,,,,,,,,1
John Brown,D&W Land Operations,Workover Land,Drilling Engineer 1,Drilling Fluids Theory,,Professional,Administrator,44927,,44932,44957,Passed,0.833333333,0.792477714,100,0,Abandonment Specialist,100,89,80,Self Paced,,,,,,,,,,,,1
John Brown,D&W Land Operations,Workover Land,Drilling Engineer 1,Drilling Fluids Practical,,Professional,Administrator,44958,,44983,44988,Passed,0.666666667,0.545483286,100,0,Abandonment Specialist,100,91,80,Workshop,,,,,,,,,,,,1
John Brown,D&W Land Operations,Workover Land,Drilling Engineer 1,Fire Safety Practice,,Professional,Administrator,44986,,,45016,Overdue,0.833333333,0.748220168,85,1,Abandonment Specialist,85,,80,Workshop,,,,,,,,,,,,1
John Brown,D&W Land Operations,Workover Land,Drilling Engineer 1,Fire Safety Theory,,Professional,Administrator,45108,,,45138,Overdue,0.083333333,0.071061016,98,1,Abandonment Specialist,98,,80,Self Paced,,,,,,,,,,,,1
John Brown,D&W Land Operations,Workover Land,Drilling Engineer 1,Train the Trainer Theory,,Professional,Administrator,45047,,45053,45107,Passed,0.625,0.403223333,100,0,Abandonment Specialist,100,81,80,Self Paced,,,,,,,,,,,,1
John Brown,D&W Land Operations,Workover Land,Drilling Engineer 1,Train the Trainer Practical,,Professional,Administrator,44927,,44946,44987,Passed,0.666666667,0.646725292,100,0,Abandonment Specialist,100,92,80,Workshop,,,,,,,,,,,,1
John Brown,D&W Land Operations,Workover Land,Drilling Engineer 1,Personal Protective Equipment,,Professional,Administrator,44958,,44974,44988,Passed,0.083333333,0.074263808,100,0,Abandonment Specialist,100,90,80,Self Paced,,,,,,,,,,,,1
John Brown,D&W Land Operations,Workover Land,Drilling Engineer 1,Coordinating a Training Program,,Professional,Administrator,44986,,44991,45016,Passed,0.166666667,0.126125994,100,0,Abandonment Specialist,100,100,80,Self Paced,,,,,,,,,,,,1
John Brown,D&W Land Operations,Workover Land,Drilling Engineer 1,Intro to Petroleum Geology,,Professional,Administrator,44986,,,45076,Overdue,0.666666667,0.481857605,59,1,Abandonment Specialist,59,,80,Self Paced,,,,,,,,,,,,1
John Brown,D&W Land Operations,Workover Land,Drilling Engineer 1,Hole Enlargement Theory,,Professional,Administrator,45474,,,45564,Overdue,0.833333333,0,0,1,Abandonment Specialist,0,,80,Self Paced,,,,,,,,,,,,1
John Brown,D&W Land Operations,Workover Land,Drilling Engineer 1,Hole Enlargement Practical,,Professional,Administrator,45413,,,45503,Overdue,0.666666667,0,0,1,Abandonment Specialist,0,,80,OTJ Experience,,,,,,,,,,,,1
John Brown,D&W Land Operations,Workover Land,Drilling Engineer 1,Centrifugal Pumps Theory,,Technical,Administrator,45352,,45373,45412,Passed,0.666666667,0.570773593,100,0,Abandonment Specialist,100,92,80,Self Paced,,,,,,,,,,,,1
John Brown,D&W Land Operations,Workover Land,Drilling Engineer 1,Centrifugal Pumps Practical,,Technical,Administrator,45474,,,45534,Overdue,0.666666667,0,0,1,Abandonment Specialist,0,,80,OTJ Experience,,,,,,,,,,,,1
John Brown,D&W Land Operations,Workover Land,Drilling Engineer 1,Whipstock Practices,,Technical,Administrator,45413,,,45473,Overdue,0.666666667,0,0,1,Abandonment Specialist,0,,80,OTJ Experience,,,,,,,,,,,,1
John Brown,D&W Land Operations,Workover Land,Drilling Engineer 1,Whipstock Theory,,Technical,Administrator,45352,,45390,45412,Review,0.666666667,0.438683698,100,0,Abandonment Specialist,100,63,80,Self Paced,,,,,,,,,,,,1
Joan Arc,Wellbore Departure ,Whipstocks,Drilling Engineer 4,Fire Safety Theory,,Technical,Administrator,44927,,44940,44957,Passed,0.083333333,0.053898691,100,0,Abandonment Specialist,100,90,80,Self Paced,,,,,,,,,,,,1
Joan Arc,Wellbore Departure ,Whipstocks,Drilling Engineer 4,Train the Trainer Theory,,Technical,Administrator,44958,,,45018,Overdue,0.625,0.494677574,87,1,Abandonment Specialist,87,,80,Self Paced,,,,,,,,,,,,1
Joan Arc,Wellbore Departure ,Whipstocks,Drilling Engineer 4,Train the Trainer Practical,,Technical,Administrator,44986,,45041,45046,Passed,0.666666667,0.494608301,100,0,Abandonment Specialist,100,96,80,Workshop,,,,,,,,,,,,1
Joan Arc,Wellbore Departure ,Whipstocks,Drilling Engineer 4,Personal Protective Equipment,,Technical,Administrator,45108,,45115,45138,Review,0.083333333,0.081041256,100,0,Abandonment Specialist,100,61,80,Self Paced,,,,,,,,,,,,1
Joan Arc,Wellbore Departure ,Whipstocks,Drilling Engineer 4,Coordinating a Training Program,,Technical,Administrator,45047,,,45077,Overdue,0.166666667,0.103976095,42,1,Abandonment Specialist,42,,80,Self Paced,,,,,,,,,,,,1
Joan Arc,Wellbore Departure ,Whipstocks,Drilling Engineer 4,Intro to Petroleum Geology,,Technical,Administrator,44927,,44953,45017,Passed,0.666666667,0.452055608,100,0,Abandonment Specialist,100,98,80,Self Paced,,,,,,,,,,,,1
Joan Arc,Wellbore Departure ,Whipstocks,Drilling Engineer 4,Hole Enlargement Theory,,Technical,Administrator,44958,,44984,45048,Passed,0.833333333,0.78332697,100,0,Abandonment Specialist,100,88,80,Self Paced,,,,,,,,,,,,1
Joan Arc,Wellbore Departure ,Whipstocks,Drilling Engineer 4,Hole Enlargement Practical,,Technical,Administrator,44986,,44994,45076,Passed,0.666666667,0.577098852,100,0,Abandonment Specialist,100,94,80,OTJ Experience,,,,,,,,,,,,1
Joan Arc,Wellbore Departure ,Whipstocks,Drilling Engineer 4,Centrifugal Pumps Theory,,Technical,Administrator,44986,,,45046,Overdue,0.666666667,0.537641025,79,1,Abandonment Specialist,79,,80,Self Paced,,,,,,,,,,,,1
Joan Arc,Wellbore Departure ,Whipstocks,Drilling Engineer 4,Centrifugal Pumps Practical,,Technical,Administrator,45474,,,45534,Overdue,0.666666667,0,0,1,Abandonment Specialist,0,,80,OTJ Experience,,,,,,,,,,,,1
Joan Arc,Wellbore Departure ,Whipstocks,Drilling Engineer 4,Whipstock Practices,,Technical,Administrator,45413,,,45473,Overdue,0.666666667,0,0,1,Abandonment Specialist,0,,80,OTJ Experience,,,,,,,,,,,,1
Joan Arc,Wellbore Departure ,Whipstocks,Drilling Engineer 4,Whipstock Theory,,Technical,Administrator,45352,,45362,45412,Passed,0.666666667,0.419988889,100,0,Abandonment Specialist,100,97,80,Self Paced,,,,,,,,,,,,1
Bruce Lee,Finance,Payroll,Payroll Advisor,Train the Trainer Theory,,Professional,Administrator,44927,,44954,44987,Passed,0.625,0.562435392,100,0,Finance Operations,100,85,80,Self Paced,,,,,,,,,,,,1
Bruce Lee,Finance,Payroll,Payroll Advisor,Train the Trainer Practical,,Professional,Administrator,44958,,45000,45018,Passed,0.666666667,0.541779997,100,0,Finance Operations,100,87,80,Workshop,,,,,,,,,,,,1
Bruce Lee,Finance,Payroll,Payroll Advisor,Instructional Design Program,,Professional,Administrator,44986,,45010,45076,Passed,0.833333333,0.735798967,100,0,Finance Operations,100,93,80,On-Line,,,,,,,,,,,,1
Bruce Lee,Finance,Payroll,Payroll Advisor,Management Basics,,Professional,Administrator,45108,,45183,45198,Passed,0.833333333,0.791674204,100,0,Finance Operations,100,91,80,Workshop,,,,,,,,,,,,1
Bruce Lee,Finance,Payroll,Payroll Advisor,Project Management Basics,,Technical,Administrator,45047,,45057,45137,Passed,0.833333333,0.768433642,100,0,Finance Operations,100,97,80,Workshop,,,,,,,,,,,,1
Bruce Lee,Finance,Payroll,Payroll Advisor,Fire Safety Theory,,Mandatory,Administrator,44927,,44957,44957,Passed,0.083333333,0.053626537,100,0,Finance Operations,100,95,80,Self Paced,,,,,,,,,,,,1
Bruce Lee,Finance,Payroll,Payroll Advisor,Finance Level 1,,Technical,Administrator,44958,,45034,45048,Passed,0.833333333,0.591926009,100,0,Finance Operations,100,97,80,Self Paced,,,,,,,,,,,,1
Bruce Lee,Finance,Payroll,Payroll Advisor,Finance Level 2,,Technical,Administrator,44986,,45063,45076,Passed,0.833333333,0.644757232,100,0,Finance Operations,100,93,80,Workshop,,,,,,,,,,,,1
Bruce Lee,Finance,Payroll,Payroll Advisor,Materials Handling,,Mandatory,Administrator,44986,,,45016,Overdue,0.208333333,0.186171975,40,1,Finance Operations,40,,80,Self Paced,,,,,,,,,,,,1
Bruce Lee,Finance,Payroll,Payroll Advisor,Personal Protective Equipment,,Mandatory,Administrator,45474,,,45504,Overdue,0.083333333,0,0,1,Finance Operations,0,,80,Self Paced,,,,,,,,,,,,1
Bruce Lee,Finance,Payroll,Payroll Advisor,Coordinating a Training Program,,Professional,Administrator,45413,,,45443,Overdue,0.166666667,0,0,1,Finance Operations,0,,80,Self Paced,,,,,,,,,,,,1
Bruce Lee,Finance,Payroll,Payroll Advisor,Intro to Petroleum Geology,,Technical,Administrator,45352,,45378,45442,Passed,0.666666667,0.416487153,100,0,Finance Operations,100,87,80,Self Paced,,,,,,,,,,,,1
Bruce Lee,Finance,Payroll,Payroll Advisor,Project Management Basics,,Professional,Administrator,45474,,,45564,Overdue,0.833333333,0,0,1,Finance Operations,0,,80,Workshop,,,,,,,,,,,,1
Jack Hunt,HR,Policy,HR Advisors,Train the Trainer Theory,,Professional,Administrator,45413,,,45473,Overdue,0.625,0,0,1,HR Operations,0,,80,Self Paced,,,,,,,,,,,,1
Jack Hunt,HR,Policy,HR Advisors,Train the Trainer Practical,,Professional,Administrator,45352,,,45412,Overdue,0.666666667,0.442850673,59,1,HR Operations,59,,80,Workshop,,,,,,,,,,,,1
Jack Hunt,HR,Policy,HR Advisors,Instructional Design Program,,Technical,Administrator,45108,,45179,45198,Passed,0.833333333,0.828813262,100,0,HR Operations,100,93,80,On-Line,,,,,,,,,,,,1
Jack Hunt,HR,Policy,HR Advisors,Management Basics,,Technical,Administrator,45108,,45128,45198,Passed,0.833333333,0.739839408,100,0,HR Operations,100,86,80,Workshop,,,,,,,,,,,,1
Jack Hunt,HR,Policy,HR Advisors,Project Management Basics,,Professional,Administrator,45108,,45160,45198,Passed,0.833333333,0.556391813,100,0,HR Operations,100,100,80,Workshop,,,,,,,,,,,,1
Jack Hunt,HR,Policy,HR Advisors,Fire Safety Theory,,Mandatory,Administrator,45505,,,45535,Overdue,0.083333333,0,0,1,HR Operations,0,,80,Self Paced,,,,,,,,,,,,1
Jack Hunt,HR,Policy,HR Advisors,Finance Level 1,,Professional,Administrator,45537,,,45627,Overdue,0.833333333,0,0,1,HR Operations,0,,80,Self Paced,,,,,,,,,,,,1
Jack Hunt,HR,Policy,HR Advisors,Finance Level 2,,Professional,Administrator,45568,,,45658,Overdue,0.833333333,0,0,1,HR Operations,0,,80,Workshop,,,,,,,,,,,,1
Donna Summer,HR,Learning & Development,Counsellor,Train the Trainer Theory,,Professional,Administrator,45413,,,45473,Overdue,0.625,0,0,1,HR Counsellor,0,,80,Self Paced,,,,,,,,,,,,1
Donna Summer,HR,Learning & Development,Counsellor,Train the Trainer Practical,,Professional,Administrator,45352,,45392,45412,Passed,0.666666667,0.490966301,100,0,HR Counsellor,100,92,80,Workshop,,,,,,,,,,,,1
Donna Summer,HR,Learning & Development,Counsellor,Instructional Design Program,,Professional,Administrator,45108,,45144,45198,Review,0.833333333,0.663048277,100,0,HR Counsellor,100,73,80,On-Line,,,,,,,,,,,,1
Donna Summer,HR,Learning & Development,Counsellor,Management Basics,,Professional,Administrator,45108,,,45198,Overdue,0.833333333,0.529956034,71,1,HR Counsellor,71,,80,Workshop,,,,,,,,,,,,1
Donna Summer,HR,Learning & Development,Counsellor,Project Management Basics,,Professional,Administrator,45108,,45190,45198,Passed,0.833333333,0.689587199,100,0,HR Counsellor,100,98,80,Workshop,,,,,,,,,,,,1
Donna Summer,HR,Learning & Development,Counsellor,Fire Safety Theory,,Professional,Administrator,45505,,,45535,Overdue,0.083333333,0,0,1,HR Counsellor,0,,80,Self Paced,,,,,,,,,,,,1
Donna Summer,HR,Learning & Development,Counsellor,Finance Level 1,,Professional,Administrator,45537,,,45627,Overdue,0.833333333,0,0,1,HR Counsellor,0,,80,Self Paced,,,,,,,,,,,,1
Donna Summer,HR,Learning & Development,Counsellor,Finance Level 2,,Professional,Administrator,45568,,,45658,Overdue,0.833333333,0,0,1,HR Counsellor,0,,80,Workshop,,,,,,,,,,,,1
Frank Sinatra,HR,Learning & Development,Counsellor,Train the Trainer Theory,,Professional,Administrator,44958,,45017,45018,Passed,0.625,0.479508668,100,0,HR Counsellor,100,84,80,Self Paced,,,,,,,,,,,,1
Frank Sinatra,HR,Learning & Development,Counsellor,Train the Trainer Practical,,Professional,Administrator,44986,,45025,45046,Passed,0.666666667,0.644546645,100,0,HR Counsellor,100,92,80,Workshop,,,,,,,,,,,,1
Frank Sinatra,HR,Learning & Development,Counsellor,Instructional Design Program,,Professional,Administrator,45017,,,45107,Overdue,0.833333333,0.644655013,76,1,HR Counsellor,76,,80,On-Line,,,,,,,,,,,,1
Frank Sinatra,HR,Learning & Development,Counsellor,Management Basics,,Professional,Administrator,45323,,45335,45413,Passed,0.833333333,0.582837402,100,0,HR Counsellor,100,96,80,Workshop,,,,,,,,,,,,1
Frank Sinatra,HR,Learning & Development,Counsellor,Project Management Basics,,Professional,Administrator,45537,,,45627,Overdue,0.833333333,0,0,1,HR Counsellor,0,,80,Workshop,,,,,,,,,,,,1
Frank Sinatra,HR,Learning & Development,Counsellor,Fire Safety Theory,,Professional,Administrator,45568,,,45598,Overdue,0.083333333,0,0,1,HR Counsellor,0,,80,Self Paced,,,,,,,,,,,,1
Taylor Swift,D&W Land Operations,Drilling Land,Drilling Engineer 3,Drilling Fluids Theory,,Professional,Administrator,44958,,44983,44988,Passed,0.833333333,0.698834849,100,0,Drilling Specialist,100,93,80,Self Paced,,,,,,,,,,,,1
Taylor Swift,D&W Land Operations,Drilling Land,Drilling Engineer 3,Drilling Fluids Practical,,Professional,Administrator,44986,,,45016,Overdue,0.666666667,0.591833443,91,1,Drilling Specialist,91,,80,Workshop,,,,,,,,,,,,1
Taylor Swift,D&W Land Operations,Drilling Land,Drilling Engineer 3,Fire Safety Practice,,Professional,Administrator,45017,,,45047,Overdue,0.833333333,0.653624269,83,1,Drilling Specialist,83,,80,Workshop,,,,,,,,,,,,1
Taylor Swift,D&W Land Operations,Drilling Land,Drilling Engineer 3,Fire Safety Theory,,Professional,Administrator,45323,,45341,45353,Passed,0.083333333,0.066592943,100,0,Drilling Specialist,100,94,80,Self Paced,,,,,,,,,,,,1
Taylor Swift,D&W Land Operations,Drilling Land,Drilling Engineer 3,Train the Trainer Theory,,Professional,Administrator,45537,,,45597,Overdue,0.625,0,0,1,Drilling Specialist,0,,80,Self Paced,,,,,,,,,,,,1
Taylor Swift,D&W Land Operations,Drilling Land,Drilling Engineer 3,Train the Trainer Practical,,Professional,Administrator,45568,,,45628,Overdue,0.666666667,0,0,1,Drilling Specialist,0,,80,Workshop,,,,,,,,,,,,1
Howard Jones,D&W Offshore Operations,Workover Offshore,Drilling Engineer 3,Personal Protective Equipment,,Mandatory,Administrator,44958,,,44988,Overdue,0.083333333,0.073186622,92,1,Drilling Specialist,92,,80,Self Paced,,,,,,,,,,,,1
Howard Jones,D&W Offshore Operations,Workover Offshore,Drilling Engineer 3,Coordinating a Training Program,,Professional,Administrator,44986,,44994,45016,Passed,0.166666667,0.145011953,100,0,Drilling Specialist,100,98,80,Self Paced,,,,,,,,,,,,1
Howard Jones,D&W Offshore Operations,Workover Offshore,Drilling Engineer 3,Intro to Petroleum Geology,,Professional,Administrator,45017,,45022,45107,Passed,0.666666667,0.637715085,100,0,Drilling Specialist,100,88,80,Self Paced,,,,,,,,,,,,1
Howard Jones,D&W Offshore Operations,Workover Offshore,Drilling Engineer 3,Hole Enlargement Theory,,Professional,Administrator,45323,,45345,45413,Passed,0.833333333,0.631291776,100,0,Drilling Specialist,100,89,80,Self Paced,,,,,,,,,,,,1
Howard Jones,D&W Offshore Operations,Workover Offshore,Drilling Engineer 3,Hole Enlargement Practical,,Professional,Administrator,45537,,,45627,Overdue,0.666666667,0,0,1,Drilling Specialist,0,,80,OTJ Experience,,,,,,,,,,,,1
Howard Jones,D&W Offshore Operations,Workover Offshore,Drilling Engineer 3,Centrifugal Pumps Theory,,Professional,Administrator,45568,,,45628,Overdue,0.666666667,0,0,1,Drilling Specialist,0,,80,Self Paced,,,,,,,,,,,,1
Ronnie Jones,Wellbore Departure ,Hole Enlargement,Drilling Engineer 4,Drilling Fluids Theory,,Technical,Administrator,44958,,,44988,Overdue,0.833333333,0.812825213,44,1,Hole Opener Specialist,44,,80,Self Paced,,,,,,,,,,,,1
Ronnie Jones,Wellbore Departure ,Hole Enlargement,Drilling Engineer 4,Drilling Fluids Practical,,Technical,Administrator,44986,,,45016,Overdue,0.666666667,0.402958932,87,1,Hole Opener Specialist,87,,80,Workshop,,,,,,,,,,,,1
Ronnie Jones,Wellbore Departure ,Hole Enlargement,Drilling Engineer 4,Fire Safety Practice,,Mandatory,Administrator,45017,,45046,45047,Passed,0.833333333,0.764620354,100,0,Hole Opener Specialist,100,86,80,Workshop,,,,,,,,,,,,1
Ronnie Jones,Wellbore Departure ,Hole Enlargement,Drilling Engineer 4,Fire Safety Theory,,Mandatory,Administrator,45323,,45323,45353,Passed,0.083333333,0.079552046,100,0,Hole Opener Specialist,100,96,80,Self Paced,,,,,,,,,,,,1
Ronnie Jones,Wellbore Departure ,Hole Enlargement,Drilling Engineer 4,Train the Trainer Theory,,Professional,Administrator,45537,,,45597,Overdue,0.625,0,0,1,Hole Opener Specialist,0,,80,Self Paced,,,,,,,,,,,,1
Ronnie Jones,Wellbore Departure ,Hole Enlargement,Drilling Engineer 4,Train the Trainer Practical,,Professional,Administrator,45568,,,45628,Overdue,0.666666667,0,0,1,Hole Opener Specialist,0,,80,Workshop,,,,,,,,,,,,1
Ronnie Jones,Wellbore Departure ,Hole Enlargement,Drilling Engineer 4,Personal Protective Equipment,,Mandatory,Administrator,44958,,44976,44988,Passed,0.083333333,0.073945805,100,0,Hole Opener Specialist,100,89,80,Self Paced,,,,,,,,,,,,1
Ronnie Jones,Wellbore Departure ,Hole Enlargement,Drilling Engineer 4,Coordinating a Training Program,,Professional,Administrator,44986,,,45016,Overdue,0.166666667,0.140637465,92,1,Hole Opener Specialist,92,,80,Self Paced,,,,,,,,,,,,1
Ronnie Jones,Wellbore Departure ,Hole Enlargement,Drilling Engineer 4,Intro to Petroleum Geology,,Technical,Administrator,45017,,45095,45107,Passed,0.666666667,0.665309269,100,0,Hole Opener Specialist,100,100,80,Self Paced,,,,,,,,,,,,1
Ronnie Jones,Wellbore Departure ,Hole Enlargement,Drilling Engineer 4,Hole Enlargement Theory,,Professional,Administrator,45323,,45324,45413,Passed,0.833333333,0.773033378,100,0,Hole Opener Specialist,100,97,80,Self Paced,,,,,,,,,,,,1
Ronnie Jones,Wellbore Departure ,Hole Enlargement,Drilling Engineer 4,Hole Enlargement Practical,,Technical,Administrator,45537,,,45627,Overdue,0.666666667,0,0,1,Hole Opener Specialist,0,,80,OTJ Experience,,,,,,,,,,,,1
Ronnie Jones,Wellbore Departure ,Hole Enlargement,Drilling Engineer 4,Centrifugal Pumps Theory,,Technical,Administrator,45568,,,45628,Overdue,0.666666667,0,0,1,Hole Opener Specialist,0,,80,Self Paced,,,,,,,,,,,,1
Selena Gomez,Fishing & Abandonment,Abandonment,Drilling Engineer 4,Centrifugal Pumps Practical,,Technical,Administrator,44986,,,45046,Overdue,0.666666667,0.467128578,80,1,Tubular Specialist,80,,80,OTJ Experience,,,,,,,,,,,,1
Selena Gomez,Fishing & Abandonment,Abandonment,Drilling Engineer 4,Centrifugal Pumps Theory,,Technical,Administrator,45017,,,45077,Overdue,0.666666667,0.600939956,93,1,Tubular Specialist,93,,80,Self Paced,,,,,,,,,,,,1
Selena Gomez,Fishing & Abandonment,Abandonment,Drilling Engineer 4,Whipstock Theory,,Technical,Administrator,45323,,45325,45383,Passed,0.666666667,0.597368428,100,0,Tubular Specialist,100,87,80,Self Paced,,,,,,,,,,,,1
Selena Gomez,Fishing & Abandonment,Abandonment,Drilling Engineer 4,Management Basics,,Professional,Administrator,45537,,,45627,Overdue,0.833333333,0,0,1,Tubular Specialist,0,,80,Workshop,,,,,,,,,,,,1
Selena Gomez,Fishing & Abandonment,Abandonment,Drilling Engineer 4,Intro to Hydraulics,,Technical,Administrator,45568,,,45598,Overdue,0.416666667,0,0,1,Tubular Specialist,0,,80,Self Paced,,,,,,,,,,,,1
Selena Gomez,Fishing & Abandonment,Abandonment,Drilling Engineer 4,Intro to Petroleum Geology,,Technical,Administrator,44958,,44996,45048,Passed,0.666666667,0.488235764,100,0,Tubular Specialist,100,96,80,Self Paced,,,,,,,,,,,,1
Selena Gomez,Fishing & Abandonment,Abandonment,Drilling Engineer 4,Whipstock Practices,,Technical,Administrator,44986,,45010,45046,Not Enrolled,0.666666667,0.650491283,100,0,Tubular Specialist,100,63,80,OTJ Experience,,,,,,,,,,,,0
Fran Smith,D&W Land Operations,Drilling Land,Drilling Engineer 3,Drilling Fluids Theory,,Technical,Administrator,44927,,,44957,Overdue,0.833333333,0.510665288,60,1,Drilling Engineer,60,,80,Self Paced,,,,,,,,,,,,1
Fran Smith,D&W Land Operations,Drilling Land,Drilling Engineer 3,Drilling Fluids Practical,,Mandatory,Administrator,44958,,44958,44988,Passed,0.666666667,0.664330786,100,0,Drilling Engineer,100,90,80,Workshop,,,,,,,,,,,,1
Fran Smith,D&W Land Operations,Drilling Land,Drilling Engineer 3,Fire Safety Practice,,Professional,Administrator,44986,,45015,45016,Passed,0.833333333,0.72213287,100,0,Drilling Engineer,100,90,80,Workshop,,,,,,,,,,,,1
Fran Smith,D&W Land Operations,Drilling Land,Drilling Engineer 3,Fire Safety Theory,,Mandatory,Administrator,45108,,45132,45138,Passed,0.083333333,0.055943697,100,0,Drilling Engineer,100,99,80,Self Paced,,,,,,,,,,,,1
Fran Smith,D&W Land Operations,Drilling Land,Drilling Engineer 3,Train the Trainer Theory,,Professional,Administrator,45047,,45101,45107,Passed,0.625,0.586539143,100,0,Drilling Engineer,100,92,80,Self Paced,,,,,,,,,,,,1
Fran Smith,D&W Land Operations,Drilling Land,Drilling Engineer 3,Train the Trainer Practical,,Technical,Administrator,44927,,44986,44987,Passed,0.666666667,0.55686636,100,0,Drilling Engineer,100,90,80,Workshop,,,,,,,,,,,,1
Fran Smith,D&W Land Operations,Drilling Land,Drilling Engineer 3,Personal Protective Equipment,,Mandatory,Administrator,44958,,44961,44988,Passed,0.083333333,0.065891242,100,0,Drilling Engineer,100,90,80,Self Paced,,,,,,,,,,,,1
Fran Smith,D&W Land Operations,Drilling Land,Drilling Engineer 3,Coordinating a Training Program,,Professional,Administrator,44986,,,45016,Overdue,0.166666667,0.102512657,53,1,Drilling Engineer,53,,80,Self Paced,,,,,,,,,,,,1
Fran Smith,D&W Land Operations,Drilling Land,Drilling Engineer 3,Intro to Petroleum Geology,,Professional,Administrator,44986,,45010,45076,Passed,0.666666667,0.562608977,100,0,Drilling Engineer,100,95,80,Self Paced,,,,,,,,,,,,1
Fran Smith,D&W Land Operations,Drilling Land,Drilling Engineer 3,Hole Enlargement Theory,,Mandatory,Administrator,45474,,,45564,Overdue,0.833333333,0,0,1,Drilling Engineer,0,,80,Self Paced,,,,,,,,,,,,1
Fran Smith,D&W Land Operations,Drilling Land,Drilling Engineer 3,Hole Enlargement Practical,,Professional,Administrator,45413,,,45503,Overdue,0.666666667,0,0,1,Drilling Engineer,0,,80,OTJ Experience,,,,,,,,,,,,1
Fran Smith,D&W Land Operations,Drilling Land,Drilling Engineer 3,Centrifugal Pumps Theory,,Technical,Administrator,45414,,,45474,Overdue,0.666666667,0,0,1,Drilling Engineer,0,,80,Self Paced,,,,,,,,,,,,1
Fran Smith,D&W Land Operations,Drilling Land,Drilling Engineer 3,Centrifugal Pumps Practical,,Mandatory,Administrator,45474,,,45534,Overdue,0.666666667,0,0,1,Drilling Engineer,0,,80,OTJ Experience,,,,,,,,,,,,1
Fran Smith,D&W Land Operations,Drilling Land,Drilling Engineer 3,Whipstock Practices,,Professional,Administrator,45413,,,45473,Overdue,0.666666667,0,0,1,Drilling Engineer,0,,80,OTJ Experience,,,,,,,,,,,,1
Fran Smith,D&W Land Operations,Drilling Land,Drilling Engineer 3,Whipstock Theory,,Technical,Administrator,45414,,,45474,Overdue,0.666666667,0,0,1,Drilling Engineer,0,,80,Self Paced,,,,,,,,,,,,1
Jim Dean,Fishing & Abandonment,Fishing,Drilling Engineer 4,Drilling Fluids Theory,,Technical,Administrator,44986,,,45016,Overdue,0.833333333,0.586044724,43,1,Fishing & Abandonment Specialist,43,,80,Self Paced,,,,,,,,,,,,1
Jim Dean,Fishing & Abandonment,Fishing,Drilling Engineer 4,Drilling Fluids Practical,,Technical,Administrator,45017,,,45047,Overdue,0.666666667,0.409304806,90,1,Fishing & Abandonment Specialist,90,,80,Workshop,,,,,,,,,,,,1
Jim Dean,Fishing & Abandonment,Fishing,Drilling Engineer 4,Fire Safety Practice,,Technical,Administrator,45047,,45073,45077,Passed,0.833333333,0.69806207,100,0,Fishing & Abandonment Specialist,100,83,80,Workshop,,,,,,,,,,,,1
Jim Dean,Fishing & Abandonment,Fishing,Drilling Engineer 4,Fire Safety Theory,,Professional,Administrator,45078,,45085,45108,Passed,0.083333333,0.055221085,100,0,Fishing & Abandonment Specialist,100,98,80,Self Paced,,,,,,,,,,,,1
Jim Dean,Fishing & Abandonment,Fishing,Drilling Engineer 4,Train the Trainer Theory,,Technical,Administrator,45108,,45134,45168,Review,0.625,0.602514352,100,0,Fishing & Abandonment Specialist,100,72,80,Self Paced,,,,,,,,,,,,1
Jim Dean,Fishing & Abandonment,Fishing,Drilling Engineer 4,Train the Trainer Practical,,Mandatory,Administrator,45078,,,45138,Overdue,0.666666667,0.545709344,72,1,Fishing & Abandonment Specialist,72,,80,Workshop,,,,,,,,,,,,1
Jim Dean,Fishing & Abandonment,Fishing,Drilling Engineer 4,Personal Protective Equipment,,Technical,Administrator,44986,,,45016,Overdue,0.083333333,0.082851156,93,1,Fishing & Abandonment Specialist,93,,80,Self Paced,,,,,,,,,,,,1
Jim Dean,Fishing & Abandonment,Fishing,Drilling Engineer 4,Coordinating a Training Program,,Technical,Administrator,45017,,45035,45047,Passed,0.166666667,0.117956568,100,0,Fishing & Abandonment Specialist,100,91,80,Self Paced,,,,,,,,,,,,1
Jim Dean,Fishing & Abandonment,Fishing,Drilling Engineer 4,Intro to Petroleum Geology,,Technical,Administrator,45047,,45050,45137,Passed,0.666666667,0.524933715,100,0,Fishing & Abandonment Specialist,100,93,80,Self Paced,,,,,,,,,,,,1
Jim Dean,Fishing & Abandonment,Fishing,Drilling Engineer 4,Hole Enlargement Theory,,Professional,Administrator,45078,,45143,45168,Passed,0.833333333,0.583900706,100,0,Fishing & Abandonment Specialist,100,87,80,Self Paced,,,,,,,,,,,,1
Jim Dean,Fishing & Abandonment,Fishing,Drilling Engineer 4,Hole Enlargement Practical,,Technical,Administrator,45108,,45187,45198,Passed,0.666666667,0.465321989,100,0,Fishing & Abandonment Specialist,100,83,80,OTJ Experience,,,,,,,,,,,,1
Jim Dean,Fishing & Abandonment,Fishing,Drilling Engineer 4,Centrifugal Pumps Theory,,Technical,Administrator,45444,,,45504,Overdue,0.666666667,0,0,1,Fishing & Abandonment Specialist,0,,80,Self Paced,,,,,,,,,,,,1
Jim Dean,Fishing & Abandonment,Fishing,Drilling Engineer 4,Centrifugal Pumps Practical,,Mandatory,Administrator,45445,,,45505,Overdue,0.666666667,0,0,1,Fishing & Abandonment Specialist,0,,80,OTJ Experience,,,,,,,,,,,,1
Jim Dean,Fishing & Abandonment,Fishing,Drilling Engineer 4,Whipstock Practices,,Professional,Administrator,45446,,,45506,Overdue,0.666666667,0,0,1,Fishing & Abandonment Specialist,0,,80,OTJ Experience,,,,,,,,,,,,1
Jim Dean,Fishing & Abandonment,Fishing,Drilling Engineer 4,Whipstock Theory,,Professional,Administrator,45447,,,45507,Overdue,0.666666667,0,0,1,Fishing & Abandonment Specialist,0,,80,Self Paced,,,,,,,,,,,,1
Tracy Aimes,D&W Land Operations,Workover Land,Drilling Engineer 1,Drilling Fluids Theory,,Professional,Administrator,44927,,,44957,Overdue,0.833333333,0.584828496,88,1,Workover Specialist,88,,80,Self Paced,,,,,,,,,,,,1
Tracy Aimes,D&W Land Operations,Workover Land,Drilling Engineer 1,Drilling Fluids Practical,,Professional,Administrator,44958,,44977,44988,Passed,0.666666667,0.466199923,100,0,Workover Specialist,100,90,80,Workshop,,,,,,,,,,,,1
Tracy Aimes,D&W Land Operations,Workover Land,Drilling Engineer 1,Fire Safety Practice,,Professional,Administrator,44986,,44992,45016,Passed,0.833333333,0.587105345,100,0,Workover Specialist,100,87,80,Workshop,,,,,,,,,,,,1
Tracy Aimes,D&W Land Operations,Workover Land,Drilling Engineer 1,Fire Safety Theory,,Professional,Administrator,45108,,,45138,Overdue,0.083333333,0.063011445,66,1,Workover Specialist,66,,80,Self Paced,,,,,,,,,,,,1
Tracy Aimes,D&W Land Operations,Workover Land,Drilling Engineer 1,Train the Trainer Theory,,Professional,Administrator,45047,,45103,45107,Passed,0.625,0.552412089,100,0,Workover Specialist,100,82,80,Self Paced,,,,,,,,,,,,1
Tracy Aimes,D&W Land Operations,Workover Land,Drilling Engineer 1,Train the Trainer Practical,,Professional,Administrator,44927,,,44987,Overdue,0.666666667,0.534674859,76,1,Workover Specialist,76,,80,Workshop,,,,,,,,,,,,1
Tracy Aimes,D&W Land Operations,Workover Land,Drilling Engineer 1,Personal Protective Equipment,,Professional,Administrator,44958,,44968,44988,Check Conditions,0.083333333,0.067463999,100,0,Workover Specialist,100,80,80,Self Paced,,,,,,,,,,,,1
Tracy Aimes,D&W Land Operations,Workover Land,Drilling Engineer 1,Coordinating a Training Program,,Professional,Administrator,44986,,45015,45016,Passed,0.166666667,0.108585353,100,0,Workover Specialist,100,87,80,Self Paced,,,,,,,,,,,,1
Tracy Aimes,D&W Land Operations,Workover Land,Drilling Engineer 1,Intro to Petroleum Geology,,Professional,Administrator,44986,,44991,45076,Passed,0.666666667,0.446848945,100,0,Workover Specialist,100,93,80,Self Paced,,,,,,,,,,,,1
Tracy Aimes,D&W Land Operations,Workover Land,Drilling Engineer 1,Hole Enlargement Theory,,Professional,Administrator,45474,,,45564,Overdue,0.833333333,0,0,1,Workover Specialist,0,,80,Self Paced,,,,,,,,,,,,1
Tracy Aimes,D&W Land Operations,Workover Land,Drilling Engineer 1,Hole Enlargement Practical,,Professional,Administrator,45413,,,45503,Overdue,0.666666667,0,0,1,Workover Specialist,0,,80,OTJ Experience,,,,,,,,,,,,1
Tracy Aimes,D&W Land Operations,Workover Land,Drilling Engineer 1,Centrifugal Pumps Theory,,Technical,Administrator,45352,,45383,45412,Passed,0.666666667,0.483869253,100,0,Workover Specialist,100,97,80,Self Paced,,,,,,,,,,,,1
Tracy Aimes,D&W Land Operations,Workover Land,Drilling Engineer 1,Centrifugal Pumps Practical,,Technical,Administrator,45474,,,45534,Overdue,0.666666667,0,0,1,Workover Specialist,0,,80,OTJ Experience,,,,,,,,,,,,1
Tracy Aimes,D&W Land Operations,Workover Land,Drilling Engineer 1,Whipstock Practices,,Technical,Administrator,45413,,,45473,Overdue,0.666666667,0,0,1,Workover Specialist,0,,80,OTJ Experience,,,,,,,,,,,,1
Tracy Aimes,D&W Land Operations,Workover Land,Drilling Engineer 1,Whipstock Theory,,Technical,Administrator,45352,,45354,45412,Passed,0.666666667,0.445860406,100,0,Workover Specialist,100,97,80,Self Paced,,,,,,,,,,,,1
Jack Daniels,Wellbore Departure ,Whipstocks,Drilling Engineer 4,Fire Safety Theory,,Technical,Administrator,44927,,44943,44957,Passed,0.083333333,0.073214396,100,0,Whipstock Specialist,100,98,80,Self Paced,,,,,,,,,,,,1
Jack Daniels,Wellbore Departure ,Whipstocks,Drilling Engineer 4,Train the Trainer Theory,,Technical,Administrator,44958,,44966,45018,Passed,0.625,0.608359866,100,0,Whipstock Specialist,100,90,80,Self Paced,,,,,,,,,,,,1
Jack Daniels,Wellbore Departure ,Whipstocks,Drilling Engineer 4,Train the Trainer Practical,,Technical,Administrator,44986,,45009,45046,Passed,0.666666667,0.464506844,100,0,Whipstock Specialist,100,97,80,Workshop,,,,,,,,,,,,1
Jack Daniels,Wellbore Departure ,Whipstocks,Drilling Engineer 4,Personal Protective Equipment,,Technical,Administrator,45108,,45124,45138,Passed,0.083333333,0.075042863,100,0,Whipstock Specialist,100,85,80,Self Paced,,,,,,,,,,,,1
Jack Daniels,Wellbore Departure ,Whipstocks,Drilling Engineer 4,Coordinating a Training Program,,Technical,Administrator,45047,,45049,45077,Passed,0.166666667,0.102068276,100,0,Whipstock Specialist,100,87,80,Self Paced,,,,,,,,,,,,1
Jack Daniels,Wellbore Departure ,Whipstocks,Drilling Engineer 4,Intro to Petroleum Geology,,Technical,Administrator,44927,,45003,45017,Passed,0.666666667,0.600377711,100,0,Whipstock Specialist,100,86,80,Self Paced,,,,,,,,,,,,1
Jack Daniels,Wellbore Departure ,Whipstocks,Drilling Engineer 4,Hole Enlargement Theory,,Technical,Administrator,44958,,,45048,Overdue,0.833333333,0.547228589,97,1,Whipstock Specialist,97,,80,Self Paced,,,,,,,,,,,,1
Jack Daniels,Wellbore Departure ,Whipstocks,Drilling Engineer 4,Hole Enlargement Practical,,Technical,Administrator,44986,,45008,45076,Passed,0.666666667,0.662852366,100,0,Whipstock Specialist,100,94,80,OTJ Experience,,,,,,,,,,,,1
Jack Daniels,Wellbore Departure ,Whipstocks,Drilling Engineer 4,Centrifugal Pumps Theory,,Technical,Administrator,44986,,44995,45046,Passed,0.666666667,0.47977664,100,0,Whipstock Specialist,100,90,80,Self Paced,,,,,,,,,,,,1
Jack Daniels,Wellbore Departure ,Whipstocks,Drilling Engineer 4,Centrifugal Pumps Practical,,Technical,Administrator,45474,,,45534,Overdue,0.666666667,0,0,1,Whipstock Specialist,0,,80,OTJ Experience,,,,,,,,,,,,1
Jack Daniels,Wellbore Departure ,Whipstocks,Drilling Engineer 4,Whipstock Practices,,Technical,Administrator,45413,,,45473,Overdue,0.666666667,0,0,1,Whipstock Specialist,0,,80,OTJ Experience,,,,,,,,,,,,1
Jack Daniels,Wellbore Departure ,Whipstocks,Drilling Engineer 4,Whipstock Theory,,Technical,Administrator,45352,,45365,45412,Passed,0.666666667,0.415295611,100,0,Whipstock Specialist,100,87,80,Self Paced,,,,,,,,,,,,1
Johnny Walker,Finance,Payroll,Payroll Advisor,Train the Trainer Theory,,Professional,Administrator,44927,,44972,44987,Passed,0.625,0.52189819,100,0,Finance Advisor,100,95,80,Self Paced,,,,,,,,,,,,1
Johnny Walker,Finance,Payroll,Payroll Advisor,Train the Trainer Practical,,Professional,Administrator,44958,,45004,45018,Passed,0.666666667,0.559867671,100,0,Finance Advisor,100,85,80,Workshop,,,,,,,,,,,,1
Johnny Walker,Finance,Payroll,Payroll Advisor,Instructional Design Program,,Professional,Administrator,44986,,45028,45076,Passed,0.833333333,0.800223139,100,0,Finance Advisor,100,96,80,On-Line,,,,,,,,,,,,1
Johnny Walker,Finance,Payroll,Payroll Advisor,Management Basics,,Professional,Administrator,45108,,45110,45198,Passed,0.833333333,0.818519745,100,0,Finance Advisor,100,87,80,Workshop,,,,,,,,,,,,1
Johnny Walker,Finance,Payroll,Payroll Advisor,Project Management Basics,,Technical,Administrator,45047,,45127,45137,Passed,0.833333333,0.776138511,100,0,Finance Advisor,100,86,80,Workshop,,,,,,,,,,,,1
Johnny Walker,Finance,Payroll,Payroll Advisor,Fire Safety Theory,,Mandatory,Administrator,44927,,44941,44957,Passed,0.083333333,0.065709509,100,0,Finance Advisor,100,85,80,Self Paced,,,,,,,,,,,,1
Johnny Walker,Finance,Payroll,Payroll Advisor,Finance Level 1,,Technical,Administrator,44958,,44959,45048,Passed,0.833333333,0.763535037,100,0,Finance Advisor,100,89,80,Self Paced,,,,,,,,,,,,1
Johnny Walker,Finance,Payroll,Payroll Advisor,Finance Level 2,,Technical,Administrator,44986,,,45076,Overdue,0.833333333,0.521353387,45,1,Finance Advisor,45,,80,Workshop,,,,,,,,,,,,1
Johnny Walker,Finance,Payroll,Payroll Advisor,Materials Handling,,Mandatory,Administrator,44986,,44993,45016,Passed,0.208333333,0.18295492,100,0,Finance Advisor,100,94,80,Self Paced,,,,,,,,,,,,1
Johnny Walker,Finance,Payroll,Payroll Advisor,Personal Protective Equipment,,Mandatory,Administrator,45474,,,45504,Overdue,0.083333333,0,0,1,Finance Advisor,0,,80,Self Paced,,,,,,,,,,,,1
Johnny Walker,Finance,Payroll,Payroll Advisor,Coordinating a Training Program,,Professional,Administrator,45413,,,45443,Overdue,0.166666667,0,0,1,Finance Advisor,0,,80,Self Paced,,,,,,,,,,,,1
Johnny Walker,Finance,Payroll,Payroll Advisor,Intro to Petroleum Geology,,Technical,Administrator,45352,,,45442,Overdue,0.666666667,0.461010811,74,1,Finance Advisor,74,,80,Self Paced,,,,,,,,,,,,1
Johnny Walker,Finance,Payroll,Payroll Advisor,Project Management Basics,,Professional,Administrator,45474,,,45564,Overdue,0.833333333,0,0,1,Finance Advisor,0,,80,Workshop,,,,,,,,,,,,1
Stacy Smith,HR,Policy,HR Advisors,Train the Trainer Theory,,Professional,Administrator,45413,,,45473,Overdue,0.625,0,0,1,HR Administrator,0,,80,Self Paced,,,,,,,,,,,,1
Stacy Smith,HR,Policy,HR Advisors,Train the Trainer Practical,,Professional,Administrator,45352,,45412,45412,Passed,0.666666667,0.510719216,100,0,HR Administrator,100,94,80,Workshop,,,,,,,,,,,,1
Stacy Smith,HR,Policy,HR Advisors,Instructional Design Program,,Technical,Administrator,45108,,45179,45198,Passed,0.833333333,0.704244271,100,0,HR Administrator,100,89,80,On-Line,,,,,,,,,,,,1
Stacy Smith,HR,Policy,HR Advisors,Management Basics,,Technical,Administrator,45108,,45181,45198,Passed,0.833333333,0.564749807,100,0,HR Administrator,100,88,80,Workshop,,,,,,,,,,,,1
Stacy Smith,HR,Policy,HR Advisors,Project Management Basics,,Professional,Administrator,45108,,45178,45198,Passed,0.833333333,0.520101382,100,0,HR Administrator,100,86,80,Workshop,,,,,,,,,,,,1
Stacy Smith,HR,Policy,HR Advisors,Fire Safety Theory,,Mandatory,Administrator,45505,,,45535,Overdue,0.083333333,0,0,1,HR Administrator,0,,80,Self Paced,,,,,,,,,,,,1
Stacy Smith,HR,Policy,HR Advisors,Finance Level 1,,Professional,Administrator,45537,,,45627,Overdue,0.833333333,0,0,1,HR Administrator,0,,80,Self Paced,,,,,,,,,,,,1
Stacy Smith,HR,Policy,HR Advisors,Finance Level 2,,Professional,Administrator,45568,,,45658,Overdue,0.833333333,0,0,1,HR Administrator,0,,80,Workshop,,,,,,,,,,,,1
Diana Jones,HR,Learning & Development,Counsellor,Train the Trainer Theory,,Professional,Administrator,45413,,,45473,Overdue,0.625,0,0,1,HR Counsellor,0,,80,Self Paced,,,,,,,,,,,,1
Diana Jones,HR,Learning & Development,Counsellor,Train the Trainer Practical,,Professional,Administrator,45352,,45367,45412,Passed,0.666666667,0.490464235,100,0,HR Counsellor,100,92,80,Workshop,,,,,,,,,,,,1
Diana Jones,HR,Learning & Development,Counsellor,Instructional Design Program,,Professional,Administrator,45108,,,45198,Overdue,0.833333333,0.738489672,62,1,HR Counsellor,62,,80,On-Line,,,,,,,,,,,,1
Diana Jones,HR,Learning & Development,Counsellor,Management Basics,,Professional,Administrator,45108,,45133,45198,Passed,0.833333333,0.520834397,100,0,HR Counsellor,100,93,80,Workshop,,,,,,,,,,,,1
Diana Jones,HR,Learning & Development,Counsellor,Project Management Basics,,Professional,Administrator,45108,,,45198,Overdue,0.833333333,0.795860472,43,1,HR Counsellor,43,,80,Workshop,,,,,,,,,,,,1
Diana Jones,HR,Learning & Development,Counsellor,Fire Safety Theory,,Professional,Administrator,45505,,,45535,Overdue,0.083333333,0,0,1,HR Counsellor,0,,80,Self Paced,,,,,,,,,,,,1
Diana Jones,HR,Learning & Development,Counsellor,Finance Level 1,,Professional,Administrator,45537,,,45627,Overdue,0.833333333,0,0,1,HR Counsellor,0,,80,Self Paced,,,,,,,,,,,,1
Diana Jones,HR,Learning & Development,Counsellor,Finance Level 2,,Professional,Administrator,45568,,,45658,Overdue,0.833333333,0,0,1,HR Counsellor,0,,80,Workshop,,,,,,,,,,,,1
Percy Roberts,HR,Learning & Development,Counsellor,Train the Trainer Theory,,Professional,Administrator,44958,,,45018,Overdue,0.625,0.598056574,50,1,HR Counsellor,50,,80,Self Paced,,,,,,,,,,,,1
Percy Roberts,HR,Learning & Development,Counsellor,Train the Trainer Practical,,Professional,Administrator,44986,,,45046,Overdue,0.666666667,0.658223647,72,1,HR Counsellor,72,,80,Workshop,,,,,,,,,,,,1
Percy Roberts,HR,Learning & Development,Counsellor,Instructional Design Program,,Professional,Administrator,45017,,45075,45107,Passed,0.833333333,0.798451064,100,0,HR Counsellor,100,85,80,On-Line,,,,,,,,,,,,1
Percy Roberts,HR,Learning & Development,Counsellor,Management Basics,,Professional,Administrator,45323,,45352,45413,Passed,0.833333333,0.595811402,100,0,HR Counsellor,100,99,80,Workshop,,,,,,,,,,,,1
Percy Roberts,HR,Learning & Development,Counsellor,Project Management Basics,,Professional,Administrator,45537,,,45627,Overdue,0.833333333,0,0,1,HR Counsellor,0,,80,Workshop,,,,,,,,,,,,1
Percy Roberts,HR,Learning & Development,Counsellor,Fire Safety Theory,,Professional,Administrator,45568,,,45598,Overdue,0.083333333,0,0,1,HR Counsellor,0,,80,Self Paced,,,,,,,,,,,,1
Jimmy Adams,D&W Land Operations,Drilling Land,Drilling Engineer 3,Drilling Fluids Theory,,Professional,Administrator,44958,,44974,44988,Review,0.833333333,0.600914947,100,0,Drilling Specialist,100,67,80,Self Paced,,,,,,,,,,,,1
Jimmy Adams,D&W Land Operations,Drilling Land,Drilling Engineer 3,Drilling Fluids Practical,,Professional,Administrator,44986,,45004,45016,Passed,0.666666667,0.62839387,100,0,Drilling Specialist,100,99,80,Workshop,,,,,,,,,,,,1
Jimmy Adams,D&W Land Operations,Drilling Land,Drilling Engineer 3,Fire Safety Practice,,Professional,Administrator,45017,,,45047,Overdue,0.833333333,0.540144636,81,1,Drilling Specialist,81,,80,Workshop,,,,,,,,,,,,1
Jimmy Adams,D&W Land Operations,Drilling Land,Drilling Engineer 3,Fire Safety Theory,,Professional,Administrator,45323,,45353,45353,Passed,0.083333333,0.071072517,100,0,Drilling Specialist,100,96,80,Self Paced,,,,,,,,,,,,1
Jimmy Adams,D&W Land Operations,Drilling Land,Drilling Engineer 3,Train the Trainer Theory,,Professional,Administrator,45537,,,45597,Overdue,0.625,0,0,1,Drilling Specialist,0,,80,Self Paced,,,,,,,,,,,,1
Jimmy Adams,D&W Land Operations,Drilling Land,Drilling Engineer 3,Train the Trainer Practical,,Professional,Administrator,45568,,,45628,Overdue,0.666666667,0,0,1,Drilling Specialist,0,,80,Workshop,,,,,,,,,,,,1
Adam Samuels,D&W Offshore Operations,Workover Offshore,Drilling Engineer 3,Personal Protective Equipment,,Mandatory,Administrator,44958,,44974,44988,Passed,0.083333333,0.065824619,100,0,Drilling Specialist,100,83,80,Self Paced,,,,,,,,,,,,1
Adam Samuels,D&W Offshore Operations,Workover Offshore,Drilling Engineer 3,Coordinating a Training Program,,Professional,Administrator,44986,,,45016,Overdue,0.166666667,0.160144295,57,1,Drilling Specialist,57,,80,Self Paced,,,,,,,,,,,,1
Adam Samuels,D&W Offshore Operations,Workover Offshore,Drilling Engineer 3,Intro to Petroleum Geology,,Professional,Administrator,45017,,,45107,Overdue,0.666666667,0.63715564,72,1,Drilling Specialist,72,,80,Self Paced,,,,,,,,,,,,1
Adam Samuels,D&W Offshore Operations,Workover Offshore,Drilling Engineer 3,Hole Enlargement Theory,,Professional,Administrator,45323,,45333,45413,Review,0.833333333,0.769041476,100,0,Drilling Specialist,100,78,80,Self Paced,,,,,,,,,,,,1
Adam Samuels,D&W Offshore Operations,Workover Offshore,Drilling Engineer 3,Hole Enlargement Practical,,Professional,Administrator,45537,,,45627,Overdue,0.666666667,0,0,1,Drilling Specialist,0,,80,OTJ Experience,,,,,,,,,,,,1
Adam Samuels,D&W Offshore Operations,Workover Offshore,Drilling Engineer 3,Centrifugal Pumps Theory,,Professional,Administrator,45568,,,45628,Overdue,0.666666667,0,0,1,Drilling Specialist,0,,80,Self Paced,,,,,,,,,,,,1
Jack Miller,Wellbore Departure ,Hole Enlargement,Drilling Engineer 4,Drilling Fluids Theory,,Technical,Administrator,44958,,,44988,Overdue,0.833333333,0.708049533,92,1,Whipstock Specialist,92,,80,Self Paced,,,,,,,,,,,,1
Jack Miller,Wellbore Departure ,Hole Enlargement,Drilling Engineer 4,Drilling Fluids Practical,,Technical,Administrator,44986,,45012,45016,Passed,0.666666667,0.446046765,100,0,Whipstock Specialist,100,89,80,Workshop,,,,,,,,,,,,1
Jack Miller,Wellbore Departure ,Hole Enlargement,Drilling Engineer 4,Fire Safety Practice,,Mandatory,Administrator,45017,,45034,45047,Check Conditions,0.833333333,0.507609074,100,0,Whipstock Specialist,100,80,80,Workshop,,,,,,,,,,,,1
Jack Miller,Wellbore Departure ,Hole Enlargement,Drilling Engineer 4,Fire Safety Theory,,Mandatory,Administrator,45323,,45335,45353,Passed,0.083333333,0.07809566,100,0,Whipstock Specialist,100,87,80,Self Paced,,,,,,,,,,,,1
Jack Miller,Wellbore Departure ,Hole Enlargement,Drilling Engineer 4,Train the Trainer Theory,,Professional,Administrator,45537,,,45597,Overdue,0.625,0,0,1,Whipstock Specialist,0,,80,Self Paced,,,,,,,,,,,,1
Jack Miller,Wellbore Departure ,Hole Enlargement,Drilling Engineer 4,Train the Trainer Practical,,Professional,Administrator,45568,,,45628,Overdue,0.666666667,0,0,1,Whipstock Specialist,0,,80,Workshop,,,,,,,,,,,,1
Jack Miller,Wellbore Departure ,Hole Enlargement,Drilling Engineer 4,Personal Protective Equipment,,Mandatory,Administrator,44958,,,44988,Overdue,0.083333333,0.057632313,49,1,Whipstock Specialist,49,,80,Self Paced,,,,,,,,,,,,1
Jack Miller,Wellbore Departure ,Hole Enlargement,Drilling Engineer 4,Coordinating a Training Program,,Professional,Administrator,44986,,,45016,Overdue,0.166666667,0.128782503,59,1,Whipstock Specialist,59,,80,Self Paced,,,,,,,,,,,,1
Jack Miller,Wellbore Departure ,Hole Enlargement,Drilling Engineer 4,Intro to Petroleum Geology,,Technical,Administrator,45017,,45079,45107,Passed,0.666666667,0.429174853,100,0,Whipstock Specialist,100,100,80,Self Paced,,,,,,,,,,,,1
Jack Miller,Wellbore Departure ,Hole Enlargement,Drilling Engineer 4,Hole Enlargement Theory,,Professional,Administrator,45323,,,45413,Overdue,0.833333333,0.613293768,83,1,Whipstock Specialist,83,,80,Self Paced,,,,,,,,,,,,1
Jack Miller,Wellbore Departure ,Hole Enlargement,Drilling Engineer 4,Hole Enlargement Practical,,Technical,Administrator,45537,,,45627,Overdue,0.666666667,0,0,1,Whipstock Specialist,0,,80,OTJ Experience,,,,,,,,,,,,1
Jack Miller,Wellbore Departure ,Hole Enlargement,Drilling Engineer 4,Centrifugal Pumps Theory,,Technical,Administrator,45568,,,45628,Overdue,0.666666667,0,0,1,Whipstock Specialist,0,,80,Self Paced,,,,,,,,,,,,1
Bud Molson,Fishing & Abandonment,Abandonment,Drilling Engineer 4,Centrifugal Pumps Practical,,Technical,Administrator,44986,,45035,45046,Review,0.666666667,0.406239932,100,0,Fishing & Abandonment Specialist,100,68,80,OTJ Experience,,,,,,,,,,,,1
Bud Molson,Fishing & Abandonment,Abandonment,Drilling Engineer 4,Centrifugal Pumps Theory,,Technical,Administrator,45017,,45036,45077,Passed,0.666666667,0.478521181,100,0,Fishing & Abandonment Specialist,100,97,80,Self Paced,,,,,,,,,,,,1
Bud Molson,Fishing & Abandonment,Abandonment,Drilling Engineer 4,Whipstock Theory,,Technical,Administrator,45323,,45347,45383,Review,0.666666667,0.506579491,100,0,Fishing & Abandonment Specialist,100,68,80,Self Paced,,,,,,,,,,,,1
Bud Molson,Fishing & Abandonment,Abandonment,Drilling Engineer 4,Management Basics,,Professional,Administrator,45537,,,45627,Overdue,0.833333333,0,0,1,Fishing & Abandonment Specialist,0,,80,Workshop,,,,,,,,,,,,1
Bud Molson,Fishing & Abandonment,Abandonment,Drilling Engineer 4,Intro to Hydraulics,,Technical,Administrator,45568,,,45598,Overdue,0.416666667,0,0,1,Fishing & Abandonment Specialist,0,,80,Self Paced,,,,,,,,,,,,1
Bud Molson,Fishing & Abandonment,Abandonment,Drilling Engineer 4,Intro to Petroleum Geology,,Technical,Administrator,44958,,,45048,Overdue,0.666666667,0.530292965,66,1,Fishing & Abandonment Specialist,66,,80,Self Paced,,,,,,,,,,,,1
Bud Molson,Fishing & Abandonment,Abandonment,Drilling Engineer 4,Whipstock Practices,,Technical,Administrator,44986,,,45046,Not Enrolled,0.666666667,0.513180985,83,1,Fishing & Abandonment Specialist,83,,80,OTJ Experience,,,,,,,,,,,,0
